"Participant","LQ_dominance_1","LQ_dominance_2","LQ_dominance_3","LQ_dominance_4","LQ_dominance_5","LQ_acquisition_1","LQ_acquisition_2","LQ_acquisition_3","LQ_acquisition_4","LQ_acquisition_5","LQ_exp_lang_1","LQ_exp_lang_2","LQ_exp_lang_3","LQ_exp_lang_4","LQ_exp_lang_5","LQ_read_lang_1","LQ_read_lang_2","LQ_read_lang_3","LQ_read_lang_4","LQ_read_lang_5","LQ_speak_lang_1","LQ_speak_lang_2","LQ_speak_lang_3","LQ_speak_lang_4","LQ_speak_lang_5","LQ_culture_1","LQ_culture_2","LQ_culture_3","LQ_culture_4","LQ_culture_5","LQ_edu_other_text","LQ_current_residence_country","LQ_immigration_country_1","LQ_immigration_country_2","LQ_immigration_country_3","LQ_disability_explanation","LQ_disability_options","LQ_education_level"
213,"italian","spanish","english","","","italian","english","spanish","","","italiano","spanish","english","","","italian","english","spanish","","","italian","english","spanish","","","italiana","europea","","","","","Italy","","","","","unchecked, unchecked, unchecked, unchecked, checked","Masters"
168,"Italian","English","","","","Italian","English","","","","Italian","English","","","","Italian","English","","","","Italian","English","","","","Italian","","","","","","Italy","","","","","unchecked, unchecked, unchecked, unchecked, checked","Some College"
190,"italian","english","","","","italian","engish","","","","italian","english","-","-","-","english","italian","-","-","-","italian","english","","","","italian","","","","","","italy","","","","","unchecked, unchecked, unchecked, unchecked, checked","Some College"
74,"italian","english","spanish","francaise","","italian","english","spanish","francaise","","italian","english","spanish","francaise","","italian","english","spanish","francaise","","italian","english","spanish","francaise","","Italian","","","","","","Italy","","","","","unchecked, unchecked, unchecked, unchecked, checked","Ph.D./M.D./J.D."
22,"italian","english","french","-","-","italian","english","french","-","-","italian","english","french","-","-","italian","english","french","-","-","italian","english","french","","","italian","US-American","","","","","Italy","NA","NA","NA","NA","unchecked, unchecked, unchecked, unchecked, checked","Some Graduate School"
272,"Italian","English","French","German","","Italian","French","English","German","","Italian","English","French","German","","Italian","English","French ","German","","Italian","English","French","German","","Italian","Anglo-Saxon","","","","","Italy","","","","","unchecked, unchecked, unchecked, unchecked, checked","Some Graduate School"
49,"Italian","English","","","","Italian","English","","","","Italian","English","","","","Italian","English","","","","Italian","English","","","","Italian","","","","","","Italy","","","","I have glasses for astigmatism","checked, unchecked, unchecked, unchecked, unchecked","Some College"
106,"Italian","English","","","","Italian","English","","","","Italian","English","","","","Italian","English","","","","Italian","English","","","","Italian","","","","","","Italy","Vietnam","","","","unchecked, unchecked, unchecked, unchecked, checked","Ph.D./M.D./J.D."
125,"Italian","English","French","","","Italian","English","French","","","Italian","English","French","","","Italian","English","French","","","Italian ","English","French","","","Italian","","","","","","Italy","","","","","unchecked, unchecked, unchecked, unchecked, checked","Some College"
185,"Italian","English","Spanish","French","German","Italian","English","French","German","Spanish","Italian","English","French","German","Spanish","Italian","English","Spanish","French","German","Italian","English","Spanish","French","German","Caucasian","European","","","","","Italy","","","","","checked, unchecked, unchecked, unchecked, unchecked","Masters"
71,"Italiano","Inglese","Francese","","","Italiano","Inglese","Francese","","","Italiano","Inglese","Francese ","","","Italiano","Inglese ","Francese","","","Italiani","Ingles","Francese","","","Italiana","Francese","Statunitense ","Giapponese","","","Italia","","","","","unchecked, unchecked, unchecked, unchecked, checked","High School"
136,"Italian","English","","","","Italian","English","","","","Italian","English","","","","Italian","English","","","","Italian","English","","","","British","Italian","US-American","Spanish","","","Italy","","","","","unchecked, unchecked, unchecked, unchecked, checked","College"
3,"Italiano ","Inglese ","","","","Italiano","Inglese ","","","","Italiano","Inglese","","","","Italiano ","Inglese","","","","Italiano","Inglese","","","","Italiano","","","","","","Italia","","","","","unchecked, unchecked, unchecked, unchecked, checked","High School"
113,"Italian","English","","","","Italian","English","","","","Italian","English","","","","Italian","English","","","","Italian","English","","","","European","Italian","","","","","Italy","","","","","unchecked, unchecked, unchecked, unchecked, checked","High School"
245,"Italian","English","","","","Italian","English","","","","Italian","English","","","","Italian","English","","","","Italian","English","","","","Italian","European","","","","","Italy","","","","","unchecked, unchecked, unchecked, unchecked, checked","Masters"
178,"italian","english","french","German","","italian","english","french","german","","italian","english","french","german","","italian","english","french","german","","italian","english","french","german","","european","italian","sicilian","","","","Italy","","","","","unchecked, unchecked, unchecked, unchecked, checked","High School"
238,"Italian","English","Spanish","","","Italian","English","Spanish","","","Italian","English","Spanish","","","English","Italian","Spanish","","","Italian","English","Spanish","","","Italian","English","Spanish","","","Bachelor degree  honours UK","Italy","United Kingdom","","","","unchecked, unchecked, unchecked, unchecked, checked","Other"
205,"Italian","English","Spanish","French","","Italian","French","Spanish","French","","Italian","English","Spanish","French","","Italian","French","Spanish","French","","Italian","French","Spanish","French","","Italian","","","","","","Italy","","","","","unchecked, unchecked, unchecked, unchecked, checked","Ph.D./M.D./J.D."
43,"Italian","English","","","","Italian","English","","","","Italian","English","0","0","0","Italian","English","","","","Italian","English","","","","Italian","European","Chatolic","","","","Italy","","","","","unchecked, unchecked, unchecked, unchecked, checked","High School"
146,"Italian","English ","Spanish","French","","Italian ","English ","Spanish ","French ","","Italian ","English ","Spanish","French ","","Italian ","English ","Spanish ","","","Italian ","Spanish ","English ","","","Italian ","","","","","","Italy ","","","","","unchecked, unchecked, unchecked, unchecked, checked","Ph.D./M.D./J.D."
77,"Italian","English","Spanish","","","Italian","English","Spanish","","","Italian","English","Spanish","","","Italian","English","Spanish","","","Italian","English","Spanish","","","European","Mediterrean","","","","","Italy","","","","","unchecked, unchecked, unchecked, unchecked, checked","College"
50,"italian","english","french","","","italian","french","english","","","italian","french","english","","","italian","english","","","","italian","french","english","","","italian","catholic","european","","","","italy","","","","","unchecked, unchecked, unchecked, unchecked, checked","College"
53,"italiano","inglese","","","","italiano","inglese","","","","italiano","inglese","","","","italianoi","inglese","","","","italiano","inglese","","","","sud americana","americana","","","","","Italia","spagna","inghilterra","America","","unchecked, unchecked, unchecked, unchecked, checked","College"
6,"Italian","English","","","","Italian","English","","","","Italian","English","","","","Italian","English","","","","Italian","English","","","","Italian","European","Atheism","Liberalism","","","Italy","","","","","unchecked, unchecked, unchecked, unchecked, checked","Some College"
243,"Italian","English","Spanish","French","","Italian","French","English","Spanish","","Italian","English","Spanish","French","","Italian","English","Spanish","French","","Italian","English","Spanish","French","","Italian","European","","","","","Italy","Iceland","","","I had a severe cholesteatoma%2C which destroyed my inner ear's bones and reduced my ability to hear","unchecked, checked, unchecked, unchecked, unchecked","Some College"
169,"italian","english","","","","italian","english","","","","italian","english","","","","italian","english","","","","italian","english","","","","Italian","","","","","","Italia","Regno unito","","","","unchecked, unchecked, unchecked, unchecked, checked","High School"
214,"Italian","English","","","","Italian","English","","","","Italian","English","","","","Italian","English","","","","Italian","English","","","","Italian","European","","","","","Italy","No","","","","unchecked, unchecked, unchecked, unchecked, checked","Professional Training"
215,"Italian","English","Spanish","French","","Italian","English","French","Spanish","","Italian","English","Spanish","French","","Italian","English","","","","Italian","English","","","","Italian","American","","","","","Italy","","","","I need to use glasses","unchecked, unchecked, unchecked, unchecked, checked","High School"
133,"Italian","English","","","","Italian","English","","","","Italian","English","","","","Italian","English","","","","Italian","English","","","","Italian","European","Christian","","","","Italy","","","","Myopia","unchecked, unchecked, unchecked, unchecked, checked","Some College"
119,"Italian","English","","","","Italian","English","","","","Italian","English","","","","Italian","English","","","","Italian","English","","","","Italian","","","","","","Italy","","","","I have glasses","checked, unchecked, unchecked, unchecked, unchecked","College"
11,"Italian","English","French","Spanish","","Italian","English","French","Spanish","","Italian","English","French","Spanish","","Italian","English","French","Spanish","","Italian","English","French","Spanish","","Italian","","","","","","Italy","","","","I need glasses to see from my left eye","checked, unchecked, unchecked, unchecked, unchecked","High School"
301,"Italian","English","","","","Italian","English","","","","Italian ","English","","","","Italian ","English","","","","Italian ","English","","","","Italian","","","","","","Italy","","","","I wear glasses","checked, unchecked, unchecked, unchecked, unchecked","High School"
147,"Italian ","English","","","","Italian ","English ","","","","Italian ","English","","","","Italian ","English ","","","","Italian ","English","","","","Scouse","Italian ","Birmingham ","Spanish","French","","Italy","","","","","unchecked, unchecked, unchecked, unchecked, checked","High School"
36,"Italian","English","","","","Italian","English","","","","90","10","","","","90","10","","","","90","10","","","","European","Italian","","","","","Italy","","","","","unchecked, unchecked, unchecked, unchecked, checked","Masters"
286,"Italian","English","","","","Italian","English","","","","Italian","English","","","","Italian","English","","","","Italian","English","","","","Italian","","","","","","Italy","","","","","unchecked, unchecked, unchecked, unchecked, checked","Masters"
291,"italian","english","tagalog","","","italian","english","tagalog","","","italian","english","tagalog","","","italian","english","tagalog","","","italian","english","tagalog","","","caucasian","catholic","","","","","italy","","","","","unchecked, unchecked, unchecked, unchecked, checked","Masters"
175,"Italian","English","German","Spanish","","Italian","English","Spanish","German","","Italian","English","German","Spanish","","Italian","English","German","Spanish","","Italian","English","German","Spanish","","Italian","","","","","","Italy","Germany","","","","unchecked, unchecked, unchecked, unchecked, checked","Ph.D./M.D./J.D."
98,"Italian","English","French","","","Italian","English","French","","","Italian","English","French","","","Italian","English","French","","","Italian","English","French","","","Italian","European","","","","","Italy","","","","Myopia%2C corrected with glasses","checked, unchecked, unchecked, unchecked, unchecked","Masters"
275,"Italian","English","Spanish","French","Japanese","Italian","English","French","Spanish","Japanese","Italian","English","Spanish","French","Japanese","Italian","English ","Spanish","French","Japanese ","Italian","English ","Spanish","French","Japanese","Italian","European","Us-American","Japanese","Thai","","Italy","","","","","unchecked, unchecked, unchecked, unchecked, checked","Some College"
256,"Italian","English","Spanish","French","","Italian","English","Spanish","French","","Italian","English","Spanish","French","","Italian","English","Spanish","French","","Italian","English","Spanish","French","","Italian","Argentinian","","","","","Italy","Argentina","Canada","Philippines","","unchecked, unchecked, unchecked, unchecked, checked","High School"
76,"Italian","English","","","","Italian","English","","","","Italian","English","","","","Italian","English","","","","Italian","English","","","","Italian","","","","","","Italy","","","","","unchecked, unchecked, unchecked, unchecked, checked","High School"
21,"italian","english","french","german","","Italian","english","german","french","","italian","english","french","german","","italian","english","french","german","","Italian","english","french","german","","Italian","US-American","French","German","English","","UK","UK","","","","unchecked, unchecked, unchecked, unchecked, checked","College"
65,"Italian","English","","","","Italian","English","","","","Italian","English","","","","Italian","English","","","","Italian","English","","","","Italian","Neapolitan","European","English","Cattolic","","Italy","","","","Yes%2C myopia (corrected with glasses/contacts)","checked, unchecked, unchecked, unchecked, unchecked","College"
287,"italiano","inglese","spagnolo","","","italiano","inglese","spagnolo","","","italiano","inglese","spagnolo","cinese","rumeno","italiano","inglese","spagnolo","cinese ","rumeno","italiano","inglese","spagnolo","cinese","rumeno","cristiana","statunitense","cinese","ebraico","ortodosso","niente","italia","italia","","","sono astigmatico ma non indosso gli occhiali ","checked, unchecked, unchecked, unchecked, unchecked","High School"
262,"Italian","English","","","","Italian","English","","","","Italian","English","","","","Italian","English","","","","Italian","English","","","","White","","","","","","Italy","","","","","unchecked, unchecked, unchecked, unchecked, checked","High School"
64,"Italian","English","German","","","Italian","English","German","","","Italian","English","German","","","Italian","English","German ","","","Italian","English","German","","","Austrian","Italian","","","","","Italy","","","","","unchecked, unchecked, unchecked, unchecked, checked","Ph.D./M.D./J.D."
223,"Italian","English ","Spanish ","","","Italian ","English ","Spanish ","","","Italian ","English ","Spanish ","","","Italian ","English ","Spanish ","","","Italian ","English ","Spanish","","","Italian ","","","","","","Italy ","","","","","checked, unchecked, unchecked, unchecked, unchecked","Masters"
233,"Italian","English","German","French","Russian","Italian ","English","German","","","Italian","English","German","","","Italian","English","German","","","Italian","English","German ","","","Italian","","","","","","Italy","","","","I need glasses to see","checked, unchecked, unchecked, unchecked, unchecked","Some Graduate School"
18,"Italian","English ","Spanish","Russian","","Italian","English ","Spanish ","Russian","","Italian","English ","Spanish","Russian","","Italian","English ","Spanish ","Russian","","Italian","English ","Spanish ","Russian","","Italian","","","","","","Italy","","","","","unchecked, unchecked, unchecked, unchecked, checked","Masters"
181,"italian","english","espanol","","","italian","english","","","","italian","english","","","","italian","english","","","","italian","english","","","","european","cattolic","","","","","italy","","","","","unchecked, unchecked, unchecked, unchecked, checked","Masters"
206,"Italian","English ","Spanish ","","","Italian","English ","Spanish ","","","Italian","English","Spanish ","","","Italian","English ","Spanish ","","","Italian","English ","Spanish ","","","Italian","Us american","Spanish","","","","Italy","","","","","unchecked, unchecked, unchecked, unchecked, checked","High School"
109,"Italian","English","","","","Italian","English","","","","Italian","English","","","","Italian","English","","","","Italian","English","","","","Italian","European","Tyrolean","","","","Italy","","","","","unchecked, unchecked, unchecked, unchecked, checked","Masters"
123,"Hindi ","English","Italian","","","Hindi","English","Italian","","","Hindi","English","Italian","NA","NA","English","Hindi","Italian","","","English","Hindi","Italian","","","Indian","","","","","","Italy","Italy","","","","checked, unchecked, unchecked, unchecked, unchecked","Masters"
108,"Italian","English","Spanish","French","","Italian","French","English","Spanish","","Italian","English","Franch","Spanish","","Italian","English","French","Spanish","","Italian","English","French","Spanish","","Italian","English","French","Spanish","","","","Italy","UK","","","unchecked, unchecked, unchecked, unchecked, checked","Ph.D./M.D./J.D."
54,"Italian","English","","","","Italian","English","","","","Italian","English","","","","Italian","English","","","","Italian","English","","","","Italian","","","","","","Italy","","","","","unchecked, unchecked, unchecked, unchecked, checked","Masters"
296,"Italian","English","","","","Italian","English","","","","Italian","English","none","none","none","Italian","English","","","","Italian","English","","","","Italian","European","","","","","Italian","UAE","Bulgaria","Latvia","","unchecked, unchecked, unchecked, unchecked, checked","Some College"
217,"italian","english","español","","","italian","español","english","","","italian","english","español","","","italian","english","español ","","","italian","english","español ","","","italian","peruvian","","","","","italy","","","","","unchecked, unchecked, unchecked, unchecked, checked","Less than High School"
289,"Italian","English","","","","Italian","English","","","","Italian","English","None","None","None","Italian","English","None","None","None","Italian","English","None","None","None","Italian","","","","","","Italy","Italy ","","","I wear glasses","checked, unchecked, unchecked, unchecked, unchecked","Some College"
177,"Italian","English","","","","Italian","English","","","","Italian","English","","","","Italian","English","","","","Italian","English","","","","European","","","","","","Italy","","","","I wear glasses","checked, unchecked, unchecked, unchecked, unchecked","Some College"
52,"italian","English","French","","","Italian","French","English","","","Italian","English","French","","","Italian","English","french","","","Italian","English","","","","Italian","French","English","","","","Italy","","","","","unchecked, unchecked, unchecked, unchecked, checked","Some College"
19,"Italian","English","","","","Italian","","","","","Italian","English","Franch","Spanish","Urdu","Italian","","","","","Italian","ENGLISH","","","","European","","","","","","Italy","","","","","unchecked, unchecked, unchecked, unchecked, checked","College"
158,"Italian ","English ","","","","Italian","English","","","","Italian","English","","","","Italian ","English ","","","","Italian ","English ","","","","Italian","European","","","","","Italia","","","","","unchecked, unchecked, unchecked, unchecked, checked","College"
251,"Italian ","English ","Spanish ","French ","","Italian ","English ","Spanish ","French ","","Italian ","English ","French ","Spanish ","","English ","Spanish ","French ","","","English ","Spanish ","French ","","","European ","","","","","","Italy ","","","","Contact lenses and glasses ","checked, unchecked, unchecked, unchecked, unchecked","Masters"
14,"Italian","English","Spanish","","","Italian","English","Spanish","","","Italian","English","Spanish","","","English","Italian","Spanish","","","English","Italian","Spanish","","","Italian","","","","","","Italy","","","","AUDHD%2C visually impaired without glasses or contacts","checked, unchecked, unchecked, checked, unchecked","High School"
285,"Italian","English","German","","","Italian","English","German","","","Italian","English","German","","","English","Italian","german","","","Italian","English","","","","English","Italian","","","","","Italy","Italy","England","Germany","N/A","unchecked, unchecked, unchecked, unchecked, checked","Masters"
67,"English","Italian","French","Spanish","German","Italian","English","French","German","Spanish","English","Italian","French","Spanish","German","English","Italian","French","","","English","Italian","French","Spanish","German","UK-British","Italian","","","","","Italy","UK","","","short-sighted%2C correcred with lenses","checked, unchecked, unchecked, unchecked, unchecked","Masters"
225,"Italian","English","Latin","French","Ancient Greek","Italian","English","French","Latin","Ancient Greek","Italian","English","French","Latin","Ancient Greek","Italian","English","French","Latin","Ancient Greek","Italian","English","French","Latin","Ancient Greek","Italian","Catholic","","","","","Italy","","","","","unchecked, unchecked, unchecked, unchecked, checked","College"
297,"Italian","English","French","Spanish","German","Italian","French","English","Spanish","German","Italian","English","French","Spanish","German","Italian","English","French","Spanish","German","Italian","English","French","Spanish","German","Italian","English","","","","","Italy","","","","Myopia","checked, unchecked, unchecked, unchecked, unchecked","Professional Training"
46,"Italian","English","","","","Italian","English","","","","Italian","English","","","","Italian","English","","","","Italian","English","","","","Italian","","","","","Some university","Italy","","","","","unchecked, unchecked, unchecked, unchecked, checked","Other"
61,"Italian","English","Spanish","","","Italian","English ","Spanish","","","Italian","English ","Spanish","","","Italian","English","","","","Italian","English","","","","Italian","European","Mediterranean","","","","Italy","Italy","","","I can noto hear from the right hear.","unchecked, checked, unchecked, unchecked, unchecked","High School"
152,"Italian","English","","","","Italian","English","","","","Italian","English","","","","Italian","English","","","","Italian","English","","","","Italian","Cosmopolitan","Catholic","","","","Italy","Italy","","","I wear glasses since I was seven.","checked, unchecked, unchecked, unchecked, unchecked","High School"
292,"Italian","English","French","Spanish ","","Italian","English","French","Spanish","","Italian","English","French","Spanish","","Italian","English","French","Spanish","","Italian","English","French","Spanish","","Italian","British","American","","","","Italy","","","","","checked, unchecked, unchecked, unchecked, unchecked","Some Graduate School"
165,"Italian","English","","","","Italian","English","","","","Italian","English","","","","Italian","English","","","","Italian","English","","","","Italian","","","","","","Italy","","","","","unchecked, unchecked, unchecked, unchecked, checked","High School"
149,"Italian","English","Spanish","","","Italian","English","Spanish","","","Italian","English","Spanish","","","Italian","English","Spanish","","","Italian","English","Spanish","","","Italian","","","","","","Italy","","","","","unchecked, unchecked, unchecked, unchecked, checked","Some College"
82,"Italian","English","","","","Italian ","English","","","","Italian","English","","","","Italian","English","","","","Italian","English","","","","European","Italian","","","","","Italy","","","","","checked, unchecked, unchecked, unchecked, unchecked","Less than High School"
148,"Italian","English","Spanish","German","","Italian","English","Spanish","German","","Italian","English","Spanish","German","","English","Italian","Spanish","German","","English","Italian","Spanish","German","","Italian","","","","","","Italy","England ","Spain","Germany","","unchecked, unchecked, unchecked, unchecked, checked","Masters"
197,"Italian","English","","","","Italian","English","","","","Italian","English","","","","Italian","English","","","","Italian","English","","","","Italian","European","","","","","Italy","","","","","unchecked, unchecked, unchecked, unchecked, checked","Some College"
237,"Italian","English","","","","Italian","English","","","","Italian","English","","","","Italian","English","","","","Italian","English","","","","European","Italian","","","","Bachelor degree in Comupter Engineering","Italy","","","","","unchecked, unchecked, unchecked, unchecked, checked","Other"
73,"italian","english ","french","","","italian","english ","french","","","italian","english","french","","","italian","","","","","italian","","","","","italian","","","","","","naples ","","","","","unchecked, unchecked, unchecked, unchecked, checked","Some Graduate School"
51,"italian","english","french","spanish","german","italian","english","french","german","spanish","italian","english","french","spanish","german","english","french","german","french","","english","french","spanish","german","","european","","","","","","italy","","","","","unchecked, unchecked, unchecked, unchecked, checked","Some Graduate School"
130,"Italian","Albanian","English","Spanish","French","Albanian","Italian","English","Spanish","German","Italian","Albanian","English","Spanish","French","English","Italian","Albanian","Spanish","French","Italian","Albanian","English","Spanish","French","Albanian","Italian","French","Spanish","US-American","Bachelor Degree","Italy","Albania","","","","unchecked, unchecked, unchecked, unchecked, checked","Other"
56,"italian","english","","","","italian","english","","","","italian","english","","","","italian","english","","","","italian","english","","","","italian","","","","","","Italy","","","","I have myopia%2C treated with glasses","checked, unchecked, unchecked, unchecked, unchecked","Some College"
127,"Italian ","English","Spanish","French","","Italian ","English","Spanish","French","","Italian","English","Spanish","French","","Italian ","English","Spanish","French","","Italian","English","Spanish","French","","Italian","Christian ","","","","","Italy","","","","","unchecked, unchecked, unchecked, unchecked, checked","College"
4,"Italian","English","","","","Italian","English","","","","Italian","English","","","","Italian ","English ","","","","Italian","English ","","","","Italiana","","","","","","Italy ","","","","","unchecked, unchecked, unchecked, unchecked, checked","Ph.D./M.D./J.D."
160,"Italiano ","Inglese ","Spagnolo","","","Italiano","inglese","Spagnolo","","","Italiano","Inglese","Spagnolo","","","Italiano","Inglese","Spagnolo","","","Italiano","Inglese","Spagnolo","","","Americani","Cinesi","Ebreo","","","","Italia","","","","","unchecked, unchecked, unchecked, unchecked, checked","High School"
90,"italian","English","Spanish ","French","German ","Italian","English ","French","German","Spanish","Italian","English","Spanish ","","","Italian","English","Spanish ","","","Italian ","","","","","Italian","","","","","","Italy","","","","","unchecked, unchecked, unchecked, unchecked, checked","Masters"
134,"Italian","English","","","","Italian","English","","","","Italian","English","","","","English","Italian","","","","Italian","English","","","","Italian","","","","","","Italy","","","","I'm very shortsighted and always have to wear glasses","checked, unchecked, unchecked, unchecked, unchecked","Professional Training"
95,"Italian","English","French","Spanish","Japanese","Italian","English","French","Japanese","Spanish","Italian","English","Japanese","Spanish","French","Italian","English","Japanese","Spanish","French","Italian","English","Japanese","Spanish","French","Italian","English","Japanese","Spanish","Chinese","","Italy","","","","I suffer from myopia","checked, unchecked, unchecked, unchecked, unchecked","Ph.D./M.D./J.D."
288,"Italian","English ","","","","Italian ","English ","","","","Italian ","English ","","","","Italian ","English ","","","","Italian ","English ","","","","Italian ","Us-American","Japanese ","","","","Italy ","","","","","unchecked, unchecked, unchecked, unchecked, checked","High School"
139,"Italian","English","","","","Italian","English","","","","Italian","English","","","","Italian","English","","","","Italian","English","","","","Italian","","","","","","Italy","","","","myopia (lenses)","checked, unchecked, unchecked, unchecked, unchecked","Some College"
280,"Italian","English","","","","Italian","English","","","","Italian","English","","","","Italian","English","","","","Italian","English","","","","European","","","","","","Italy","U.K.","","","","unchecked, unchecked, unchecked, unchecked, checked","Ph.D./M.D./J.D."
274,"italian","english","spanish","","","italian","spanish","english","","","italian","english","spanish","","","italian","english","spanish","","","italian","english","spanish","","","italian","spanish","american","","","","italy","","","","","unchecked, unchecked, unchecked, unchecked, checked","College"
59,"Italian","English","tagalog","","","italian","tagalog","english","","","Italian","English","tagalog","","","italian","english","tagalog","","","italian","english","tagalog","","","Italian","Filipino","catolic","","","","Italy","","","","","checked, unchecked, unchecked, unchecked, unchecked","College"
27,"Italian","English","German","","","Italian","English","German","","","Italian","English","German","","","Italian","English","German","","","Italian","English","German","","","Italian","","","","","","Italy","","","","Mild visual impairment (I need glasses).","checked, unchecked, unchecked, unchecked, unchecked","Some Graduate School"
230,"Italian","English","","","","Italian","English","","","","Italian","English","","","","Italian","English","","","","Italian","English","","","","Italian","European","Veneta","","","","Italy","","","","","checked, unchecked, unchecked, unchecked, unchecked","College"
141,"italian","English ","spanish","french","","italian","English ","french","spanish","","italian","English ","spanish","","","Italian ","english","","","","italian","English ","","","","italian","us-american","european","spanish","","","italy","","","","","unchecked, unchecked, unchecked, unchecked, checked","College"
240,"Italian","English","","","","Italian","English","","","","Italian","English","","","","Italian","English","","","","Italian","English","","","","Italian","","","","","","Italy","","","","Neurodivergence%2C autism%2C adhd","unchecked, unchecked, unchecked, checked, unchecked","College"
187,"Italian","English","","","","Italian ","English ","","","","Italian ","English","","","","Italian ","English ","","","","Italian ","English ","","","","White ","","","","","","Italy ","England ","","","","checked, unchecked, unchecked, unchecked, unchecked","High School"
44,"Italian","English","","","","Italian","English","","","","Italian","English","n/a","n/a","n/a","Italian","English","","","","Italian","English","","","","Italian","","","","","","Italy","","","","","unchecked, unchecked, unchecked, unchecked, checked","High School"
167,"Italian","English","","","","Italian","English","","","","Italian","English","","","","Italian ","English","","","","Italian ","English ","","","","Italian","","","","","","Italy","","","","","unchecked, unchecked, unchecked, unchecked, checked","College"
192,"Italian","English","","","","Italian","English","","","","Italian ","English ","","","","Italian","English","","","","Italian","English","","","","Italian ","","","","","","Italy","Germany","Switzerland","France","","checked, unchecked, unchecked, unchecked, unchecked","Masters"
129,"italian","english","french","","","italian","french","english","","","italian","english","french","","","english","italian","french","","","italian","","","","","Italian","European","","","","","Italy","Italy","","","","unchecked, unchecked, unchecked, unchecked, checked","Some College"
9,"Italiano","English","Nihongo","Espanol","","Italiano","English","Espanol","Nihongo","","Italiano","English","Nihongo","Espanol","","Italiano","English","Nihongo","Espanol","","Italiano","English","Nihongo","Espanol","","European","Japanese","","","","","Italy","","","","Myopia and astigmatism%2C I use glasses","checked, unchecked, unchecked, unchecked, unchecked","High School"
182,"italian","english","korean","french","","italian","english","french","korean","","italian","english","french","korean","","italian","english","french","korean","","italian","english","french","korean","","italian","british","","","","","italy","","","","","unchecked, unchecked, unchecked, unchecked, checked","High School"
25,"italiano","inglese","","","","italiano","inglese","","","","italiano","inglese","","","","italiano","inglese","","","","italiano","inglese","","","","European","","","","","","Italy","Italy","","","","unchecked, unchecked, unchecked, unchecked, checked","Ph.D./M.D./J.D."
261,"Italian","English","French","","","Italian","French","English","","","Italian","English","French","","","Italian","English","French","","","Italian","","","","","none","","","","","","Italy","","","","myopia","checked, unchecked, unchecked, unchecked, unchecked","Professional Training"
86,"Italian ","English","","","","Italian","English ","","","","Italian ","English ","","","","Italian ","English ","","","","Italian ","English ","","","","Italian ","","","","","","Italy","","","","","unchecked, unchecked, unchecked, unchecked, checked","College"
150,"Italian","English","","","","Italian","English","","","","Italian","English","","","","Italian","English","","","","Italian","English","","","","Italian","US-American","","","","","Italy","","","","","unchecked, unchecked, unchecked, unchecked, checked","Professional Training"
266,"Italian","English","","","","Italian","English","","","","Italian","English","","","","Italian","English","","","","Italian","English","","","","Italian","","","","","","Italy","","","","","unchecked, unchecked, unchecked, unchecked, checked","High School"
124,"italian","english","spanish","","","italian","english","spanish","","","italian","english","spanish","","","italian","english","spanish","","","italian","english","spanish","","","europe","italian","","","","","italy","","","","i wear glasses","checked, unchecked, unchecked, unchecked, unchecked","Some College"
66,"Italiano ","Ingkese","","","","Italiani","Ingkese","","","","Italiano ","Ingkese","","","","Italiano ","Inglese","","","","Itakiano","Inglese","","","","Italian","","","","","","Italy","","","","","unchecked, unchecked, unchecked, unchecked, checked","College"
252,"italian","English","","","","Italian","English","","","","Italian","English","","","","Italian","English","","","","Italian","English","","","","European","Asiatic","","","","","Italy","","","","","checked, unchecked, unchecked, unchecked, unchecked","Less than High School"
29,"Italian ","English ","French ","","","Italian ","English ","French ","","","Italian","English ","French ","","","Italian ","English ","French","","","Italian ","English","French","","","Italian ","","","","","","Italy ","","","","","checked, unchecked, unchecked, unchecked, unchecked","College"
228,"Italian","English","French","","","Italian","English ","French","","","Italian ","English ","French","","","Italian ","English","French","","","Italian ","English","French ","","","European","","","","","","Italy","China ","","","","checked, unchecked, unchecked, unchecked, unchecked","Some Graduate School"
202,"Italian","English","Spanish","","","Italian ","English ","Spanish","","","Italian","English","Spanish","","","Italian","English","Spanish","","","Italian","English","Spanish ","","","Italian","","","","","","Italy","","","","","unchecked, unchecked, unchecked, unchecked, checked","Masters"
30,"Italian","English ","French","","","Italian","French","English","","","Italian","English","","","","Italian","English ","","","","Italian","English","","","","Northern Europe","Italian","","","","","Italy","Eire","","","","unchecked, unchecked, unchecked, unchecked, checked","Masters"
132,"Italian","English","","","","Italian","English","","","","Italian","English","","","","Italian","English","","","","Italian ","English ","","","","European","","","","","","Italy","Italy","","","","unchecked, unchecked, unchecked, unchecked, checked","Masters"
270,"Italian","English","Japanese","French","","Italian","English","French","Japanese","","Italian","English","Japanese","French","","Italian","English","Japanese","French","","Italian","English","Japanese","French","","Italian","Regional culture of Veneto","","","","","Italy","Japan","","","","unchecked, unchecked, unchecked, unchecked, checked","Masters"
161,"Italian ","","","","","Italian","English","","","","Italian","English","","","","Italian","English","","","","Italian","English ","","","","None","","","","","","Italy","","","","","unchecked, unchecked, unchecked, unchecked, checked","Some College"
85,"Italian","English","","","","Italian ","English ","","","","Italian ","English ","","","","Italian","English","","","","Italian","English","","","","Italian ","","","","","","Italy","","","","","unchecked, unchecked, unchecked, unchecked, checked","Some College"
28,"Italian","English","French","","","Italian","English","French","","","Italian","English","French","","","Italian","English","French","","","Italian","English","French","","","Italian","Religious","","","","","Italy","","","","","unchecked, unchecked, unchecked, unchecked, checked","High School"
81,"Italian","English","","","","Italian","English","","","","Italian","English","","","","Italian","English ","","","","Italian","English","","","","Italian","English","European","","","","Italy","","","","","checked, unchecked, unchecked, unchecked, unchecked","Masters"
199,"Italian","English","Spanish","","","Italian","English","Spanish","","","Italian","English","Spanish","N/A","N/A","Italian","English","Spanish","N/A","N/A","Italian","English","Spanish","","","Italian","American","Spanish","","","","Italy","","","","","unchecked, unchecked, unchecked, unchecked, checked","High School"
255,"Italian","English","Mandarin Chinese","Japanese","French","Italian","English","French","Mandarin Chinese","Japanese","Italian","English","Mandarin Chinese","French","Japanese","Italian","English","Chinese","French","Japanese","English","Italian","Mandarin Chinese","French","Japanese","Italian","English internet culture","Chinese","","","","Italy","","","","","unchecked, unchecked, unchecked, unchecked, checked","Masters"
38,"italian","english","spanish","french","","italian","english","french","spanish","","italian","english","spanish","french","","italian","english","spanish","french","","italian","english","spanish","french","","White mediterranean","","","","","","Italy","","","","Multiple vision problems%2C msot fixed with proper glasses","checked, unchecked, unchecked, unchecked, unchecked","High School"
68,"Italian","English ","Francais","","","Italian","English","Francais","","","Italian","English","Francais","","","Italian","English","","","","Italian","English","","","","Italian","English Uk","","","","","Italy","","","","I wear glasses","checked, unchecked, unchecked, unchecked, unchecked","College"
183,"Italian","English","Spanish","","","Italian","English","Spanish","","","Italian","English","Spanish","","","Italian","English","","","","Italian","English","","","","Italian","US-American","Latino","Japanese","","","Italy","Italy","","","I use glasses","checked, unchecked, unchecked, unchecked, unchecked","Some Graduate School"
93,"Italian","English","French","","","Italian","English","French","","","Italian","English","French","","","Italian","English","French","","","Italian","English","French","","","Northern European culture (values and way of life)","Tech / digital culture","1990s cultural era (music%2C aesthetics%2C mindset)","Rural / countryside lifestyle culture","","","Italy","","","","colorblind","checked, unchecked, unchecked, unchecked, unchecked","Ph.D./M.D./J.D."
105,"Italian","English","German","French","","Italian","English","French","German","","Italian","English","German","French","","Italian","English","German","French","","Italian","English","German","French","","    Italian","    European/Western","","","","","Italy","","","","","unchecked, unchecked, unchecked, unchecked, checked","Masters"
254,"italian","english","french","","","italian","french","english","","","italian","english","french","","","italian","english","french","","","italian","english","french","","","italian","","","","","","italy","","","","lisp","unchecked, unchecked, checked, unchecked, unchecked","Masters"
110,"Italian","English","","","","Italian","English","","","","Italian","English","","","","Italian","English","","","","Italian","English","","","","Italian","","","","","","Italy","","","","Miopic","checked, unchecked, unchecked, unchecked, unchecked","High School"
198,"Italian","English ","","","","Italian ","English ","","","","Italian ","English ","","","","Italian ","English ","","","","Italian ","English ","","","","Italian ","English ","","","","","Italy ","","","","","unchecked, unchecked, unchecked, unchecked, checked","Masters"
89,"Italian","English","","","","Italian","English","","","","Italian","English","","","","Italian","English","","","","Italian","English","","","","Italian","Christian / Catholic","European","Local Culture (Rome Latium)","Mediterranean","Currently on University","Italy","","","","Dysgraphia and Myopia","checked, unchecked, unchecked, checked, unchecked","Some College"
16,"Italian","English","Spanish","Japanese","French","Italian","English ","Japanese","Spanish","French","English","Italian","Spanish","Japanese","French","English","Italian","Spanish","Japanese","French","Italian","English","Japanese","French","Spanish","Italian","","","","","","Italy","Spain","Japan","","Miopia%2C astigmatism","checked, unchecked, unchecked, unchecked, unchecked","Masters"
244,"italian","english","0","0","0","italian","english","0","0","0","italian","english","0","0","0","italian","english","0","0","0","italian","english","0","0","0","italian","0","0","0","0","","italy","italy","","","","unchecked, unchecked, unchecked, unchecked, checked","Masters"
164,"Italian ","English","French","Spanish","","Italian ","English","French","Spanish","","Italian","English","French","Spanish","","Italian","English","French","Spanish","","Italian ","English","French","Spanish","","Italian","Latín América ","","","","","Italy","Canada - 6 months","","","","checked, unchecked, unchecked, unchecked, unchecked","Masters"
103,"Italian","English","Spanish","","","Italian","English","Spanish","","","Italian","English","Spanish","","","Italian","English","Spanish","","","Itanian","English","Spanish","","","Italian","English","Spanish","","","","Italy","","","","","unchecked, unchecked, unchecked, unchecked, checked","College"
219,"ITALIANO","ENGLISH","","","","ITALIANO","ENGLISH","","","","ITALIANO","ENGLISH","","","","ITALIANO","ENGLISH","","","","ITALIANO","ENGLISH","","","","LATINA","MEDITERRANEA","NORD EUROPEA","","","","ITALY","","","","","unchecked, unchecked, unchecked, unchecked, checked","Ph.D./M.D./J.D."
79,"italian","english","german","french","","italian","english","german","french","","italian","english","german","french","","italian","english","german","french","","italian","english","german","french","","italian","","","","","","Italy","","","","","unchecked, unchecked, unchecked, unchecked, checked","Some College"
17,"Italian","English","Spanish","","","Italian ","English","Spanish","","","Italian","English","Spanish","","","Italian","English","Spanish","","","Italian","English","Spanish","","","White","","","","","","Italy","","","","","unchecked, unchecked, unchecked, unchecked, checked","College"
201,"Italian","English","French","","","Italian","English","French","","","Italian","English","French","","","Italian","English","French","","","Italian","English","French","","","Italian","European","","","","","Italy","","","","Myopia (I use glasses and contact lens)","checked, unchecked, unchecked, unchecked, unchecked","Masters"
75,"Italiano","English","Siciliano","Français","Deutsch","Italiano","Siciliano","Français","English","Deutsch","Italiano","English","Siciliano","Français","Deutsch","Italiano","English","Siciliano","Français","Deutsch","Italiano","English","Français","Siciliano","Deutsch","European","Italian","","","","Almost graduated in Med School","Italy","","","","Just with my eye acomodation: astigmatism and hypermetropia","checked, unchecked, unchecked, unchecked, unchecked","Some College"
220,"Italian","English","","","","Italian","English","","","","Italian","English","","","","Italian","English","","","","Italian","English","","","","Italian","Irish","Scottish","","","","","Ireland","Scotland","","Shortsight seeing","unchecked, unchecked, unchecked, unchecked, checked","Ph.D./M.D./J.D."
172,"Italian ","English ","","","","Italian","English","","","","Italian","English","","","","Italian ","English ","","","","Italian","English ","","","","Italian","","","","","","Italy","","","","","checked, unchecked, unchecked, unchecked, unchecked","Masters"
298,"Italian","English","","","","Italian","English","","","","Italian","English","","","","Italian ","English","","","","Italian","English","","","","Italian","English","","","","","Italy","","","","I have myopia","checked, unchecked, unchecked, unchecked, unchecked","Some Graduate School"
241,"Italian","English","Spanish","French","","Italian","English","Spanish","French","","Italian","English","Spanish","French","","Italian","English","Spanish","French","","Italian","English","Spanish","French","","Italian","Catholic","Tuscanian","","","","Italy","","","","Miopia and astigmatism%2C first corrected at 12 with glasses","checked, unchecked, unchecked, unchecked, unchecked","Some College"
273,"Italian","English","","","","Italian ","English","","","","Italian","English","","","","Italian","English","","","","Italian","English","","","","italian","","","","","","Italy","","","","","unchecked, unchecked, unchecked, unchecked, checked","High School"
166,"italian ","english","","","","italian ","english","","","","italian ","english","","","","italian ","english","","","","italian ","english","","","","italian ","","","","","","Italy","","","","","unchecked, unchecked, unchecked, unchecked, checked","College"
37,"Italian","Spanish","English","French","German","Italian","French","English","Spanish","German","Italian","Spanish","English","French","German","Italian","Spanish","English","French","German","Italian","Spanish","English","French","German","Italian","South American","Anglosaxon","","","","Italy","Costa Rica","","","","unchecked, unchecked, unchecked, unchecked, checked","Some College"
263,"Italian","English","","","","Italian","English","","","","Italian","English","","","","Italian","English","","","","Italian","English","","","","Italian","","","","","","Italy","","","","","unchecked, unchecked, unchecked, unchecked, checked","College"
78,"italian","english","","","","italian","english","spanish","","","italian","english","spanish","","","italian","english","spanish","","","italian","english","spanish","","","italian","","","","","bachelor","italy","","","","","unchecked, unchecked, unchecked, unchecked, checked","Masters"
92,"italian","english","french","","","italian","french","english","","","italian","english","french","","","italian","english","french","","","italian","english","french","","","Italian","French","","","","","italy","","","","","unchecked, unchecked, unchecked, unchecked, checked","High School"
294,"Italian","English","","","","Italian","English","","","","Italiano","English","","","","Italian","English","","","","Italian","English","","","","Italian","","","","","","Italy","","","","","unchecked, unchecked, unchecked, unchecked, checked","College"
186,"italian","english","french","","","italian","french","english","","","italian","english","french","","","italian","english","french","","","italian","english","french","","","italian","","","","","","italy","USA","Germany","","","unchecked, unchecked, unchecked, unchecked, checked","College"
170,"Italian","Neapolitan","English","","","Italian","Neapolitan","","","","Italian","Neapolitan","English","","","Italian","Neapolitan","English","","","Neapolitan","Italian","English","","","White Italian","","","","","","Italy","","","","","unchecked, unchecked, unchecked, unchecked, checked","Some College"
99,"italian","english","spanish","","","italian","english","spanish","","","italian","english","spanish","","","italian","english","spanish","","","italian","english","spanish","","","italian","","","","","","Italy","","","","both myopia and astigmatism","checked, unchecked, unchecked, unchecked, unchecked","Some College"
102,"Italian","English ","","","","Italian","English ","","","","Italian","English","","","","Italian","English","","","","Italian","English","","","","Italian","","","","","","Italy","","","","I have corrected to normal vision by glasses","checked, unchecked, unchecked, unchecked, unchecked","High School"
154,"Italian","English","","","","Italian ","English","","","","Italian","English","","","","Italian","English","","","","Italian","English","","","","European","Italian","","","","","Italy","","","","","unchecked, unchecked, unchecked, unchecked, checked","Some College"
265,"Italian","English","","","","Italian ","English","","","","Italian","English","","","","italian","english","","","","italian","english","","","","Italian","","","",""," Bachelor’s Degree","Italy","","","","Myopia","checked, unchecked, unchecked, unchecked, unchecked","Other"
210,"Italian","English","Portuguese","","","Italian","English","Portuguese","","","Italian","English","Portuguese","","","Italian","English","Portugues","","","Italian","English","Portuguese","","","European-Italian","","","","","","Italy","","","","","unchecked, unchecked, unchecked, unchecked, checked","High School"
282,"Italian ","English ","","","","Italian ","English","","","","Italian ","English","","","","Italian ","English ","","","","Italian","English ","","","","Italian","","","","","","Italy ","","","","","unchecked, unchecked, unchecked, unchecked, checked","Some College"
84,"italiano","inglese","spagnolo","","","italiano ","ingelse","spagnolo","","","italiana","inglese","spagnola","","","italiano","","","","","italiano","inglese","spagnolo","","","italiana","","","","","","","italia","","","","unchecked, unchecked, unchecked, unchecked, checked","Less than High School"
5,"Italian","English","","","","Italian","English","","","","Italian","English","","","","Italian","English","","","","Italian","English","","","","Italian","","","","","","Italy","Sweden","","","","unchecked, unchecked, unchecked, unchecked, checked","Some College"
209,"Italian","English","Spanish","Japanese","","Italian","English","Japanese","Spanish","","Italian","English","Spanish","Japanese","N/A","Italian","English","Spanish","Japanese","N/A","Italian","English","Spanish","Japanese","","Italian","European","Agnostic","","","","Italy","","","","","unchecked, unchecked, unchecked, unchecked, checked","College"
283,"Italian","English","","","","Italian","English","","","","Italian","English","","","","Italian","English","","","","Italian","English","","","","Italian - Agnostic","","","","","I have 2 years of university education (Psychology) as well%2C but i dropped it.","Italy","France","Denmark","Japan","","unchecked, unchecked, unchecked, unchecked, checked","High School"
195,"italian","english","","","","italian","english","","","","Italian","english","","","","italian","english","","","","italian","english","NA","NA","NA","Italian","American","","","","","Italy","","","","Sensibility to light and corrected vision.","checked, unchecked, unchecked, unchecked, unchecked","Some Graduate School"
112,"Italian","English","Japanese","German","","Italian ","English","German","Japanese","","Italian","English","Japanese","German","","English","Italian","","","","English","Italian","","","","Latin europe","","","","","","Italy","","","","","unchecked, unchecked, unchecked, unchecked, checked","Masters"
94,"italian","english","","","","italian","english","","","","italian","english","","","","italian","english","","","","italian","english","","","","italian","","","","","","italy","","","","","unchecked, unchecked, unchecked, unchecked, checked","High School"
258,"Italian","English","Japanese","","","Italian","English ","Japanese","","","Italian","English","Japanese","","","Italian","English","Japanese","","","Italian","English","Japanese","","","Italian","","","","","","Italy","","","","","unchecked, unchecked, unchecked, unchecked, checked","College"
171,"Italian","English","French ","","","Italian","English ","French","","","Italian","English ","French","","","Italian","English","French","","","Italian ","English ","French","","","Italian","British","American","","","","Italy","","","","","unchecked, unchecked, unchecked, unchecked, checked","Less than High School"
80,"Italian","French","English ","Greek","","Italian","French","English","Greek","","Italian","French","English","Greek","German","Italian","French","English","Greek","German","Italian","French","English","Greek","German","Italian","","","","","","Italy","France","","","Macular Pucker","unchecked, unchecked, unchecked, unchecked, checked","Masters"
55,"Italian ","Spanish","English","","","Italian","Spanish","English","","","Italian ","Spanish","English","","","Italian ","Spanish","English ","","","Italian ","Spanish ","English ","","","North italian white person","Latin","","","","","Italy","","","","","checked, unchecked, unchecked, unchecked, unchecked","Some College"
41,"Italian","English","","","","Italian","English","","","","Italian","English","","","","Italian","English","","","","Italian","English","","","","Italian","American","Japanese","","","","Italy","","","","","unchecked, unchecked, unchecked, unchecked, checked","Some Graduate School"
7,"Italian","English","Spanish","French","","Italian","English","Spanish","French","","Italian","English","Spanish","French","","Italian","English","Spanish","French","","Italian","English","Spanish","French","","Italian","","","","","","Italy","","","","","unchecked, unchecked, unchecked, unchecked, checked","Ph.D./M.D./J.D."
159,"Italian","English","Sardo","","","Italian","English","Sardo","","","Italian","English","Sardinian","","","italian","English","Sardo","","","Italian","English","Sardo","","","European","Italian","Sardinian","","","","Italy","Czech Republic","","","Glasses","checked, unchecked, unchecked, unchecked, unchecked","Some College"
40,"Italian","English","German","Spanish","French","italian","english","french","spanish","german","italian","english","german","spanish","french","italian","english","german","spanish","french","italian","english","german","french","spanish","italian","german","english","french","spanish","","italy","","","","","unchecked, unchecked, unchecked, unchecked, checked","Masters"
138,"italian ","english","","","","italian ","english","","","","italian ","english","","","","italian","english","","","","italian","english","","","","italian","","","","","","italy","","","","","unchecked, unchecked, unchecked, unchecked, checked","Some College"
229,"Italian","English","French","Spanish","German","Italian","English","French","German","Spanish","Italian","English","French","Spanish","German","Italian","","","","","Italian","English","French","Spanish","German","Italian","German","","","","","Italy","Germany","United Kingdom","","I use glasses.","checked, unchecked, unchecked, unchecked, unchecked","Some College"
180,"italian ","english","german","russian","","italian ","english","german","russian","","italian","english","german","russian","spanish","italiano","english","german","","","italian","english","german","","","european ","white","","","","","italy","germany","","","","checked, unchecked, unchecked, unchecked, unchecked","Some College"
2,"Italian","English","French","German","","Italian","English","French ","German","","Italian","English","French","German","","Italian","English","French","German","","Italian","English","French","German","","European","","","","","","Italy","","","","","unchecked, unchecked, unchecked, unchecked, checked","Some College"
120,"Italian ","English ","Spanish ","Korean","","Italian ","English ","Spanish ","Korean","","Italian ","English ","Spanish ","Korean","","Italian","English ","Spanish ","Korean","","Italian ","English ","Spanish ","Korean","","Caucasian ","","","","","","Italy","","","","","unchecked, unchecked, unchecked, unchecked, checked","Some College"
70,"Italian","English","","","","Italian","English","","","","Italian","English","","","","Italian","English","Spanish","French","German","Italian","English","Spanish","French","German","Italian","European","English","US-American","Spanish","","Italy","","","","","unchecked, unchecked, unchecked, unchecked, checked","Masters"
259,"Italian","English","French","Spanish","Korean","Italian","English","French","Spanish","Korean","Italian","English","French","Spanish","Korean","Italian","English","French","Spanish","Korean","Italian","English","French","Spanish","Korean","Italian","European","","","","","Italy","","","","I wear glasses all the time.","checked, unchecked, unchecked, unchecked, unchecked","Masters"
122,"Italian","English","","","","Italian","English","","","","English","Italian","","","","Italian","English","","","","English","Italian","","","","itaòoam","","","","","","Italy","","","","","unchecked, unchecked, unchecked, unchecked, checked","High School"
277,"Italian","Arab","English","French","","Italian","Arab","English","French","","Italian","Arab","English ","French","","Italian","English","French ","Arab","","Italian","English","French ","Arab","","Italian","Arab","","","","","Italy","Italy","Morocco","","","checked, unchecked, unchecked, unchecked, unchecked","Some Graduate School"
126,"Italian","English","Arabic","French","","Italian","Arabic","English","French","","Italian","English","Arabic","French","","Italian","English","Arabic","French","","Italian","English","Arabic","French","","Italian","Moroccan","Arabic","English","French","","United Kingdom","Italy","Slovakia","","Myopia","checked, unchecked, unchecked, unchecked, unchecked","Ph.D./M.D./J.D."
194,"Italian","English","","","","Italian","English","","","","Italian","English","","","","Italian","English","","","","Italian","English","","","","Italian","European","Mediterranean","","","","Italy","","","","Myopia and astigmatism","checked, unchecked, unchecked, unchecked, unchecked","Less than High School"
196,"Italian","English","French","","","Italian","English","French","","","Italian","English","French","","","Italian","English","French","","","Italian","English","French","","","Italian","Millenial","","","","","Italy","Malta","","","Nearsighted%2C corrected easily with lenses","unchecked, unchecked, unchecked, unchecked, checked","Some College"
96,"italian","english","spanish","french","","italian","english","french","spanish","","italian","english","spanish","french","","italian","spanish","english","french","","italian","spanish","english","french","","Italian","","","","","","Italy","Spain","","","","unchecked, unchecked, unchecked, unchecked, checked","High School"
290,"Italian","English","","","","Italian","English","","","","Italian","English","","","","Italian","English","","","","Italian","English","","","","Italian","","","","","","Italy","","","","","unchecked, unchecked, unchecked, unchecked, checked","Some Graduate School"
267,"Italian","English","Spanish","Deutch","French","Italian","English ","French","Spanish ","Deutch","Italian","English","Spanish","Deutch ","Spanish ","Italian","English ","Deutch ","Spanish ","French ","Italian","English ","Spanish ","Deutch ","French","European","","","","","","Italy","","","","","unchecked, unchecked, unchecked, unchecked, checked","Masters"
111,"Italian","English","French","German","","Italian ","German","English","French","","Italian","English","French","German","","English","Italian","","","","Italian ","English","","","","Italian","US-American","French","German","","","Italy","Italy","","","","unchecked, unchecked, unchecked, unchecked, checked","College"
179,"Italian","English","Norwegian","","","Italian","English","Norwegian","","","Italian","English","Norwegian","","","Italian","English","Norwegian","","","Italian","English","Norwegian","","","Italian","","","","","","Italian","","","","","unchecked, unchecked, unchecked, unchecked, checked","Some Graduate School"
295,"italian","punjabi","english","hindi","german","italian","punjabi","english","hindi","german","italian","punjabi","english","hindi","german","italian","punjabi","english","hindi","german","italian","punjabi","english","hindi","german","italian","indian","","","","","italy","","","","","unchecked, unchecked, unchecked, unchecked, checked","High School"
221,"italiano","inglese","","","","italiano","inglese","","","","50","50","","","","italiano","inglese","","","","italiano","inglese","","","","italiana","inglese","","","","","italia","","","","","unchecked, unchecked, unchecked, unchecked, checked","High School"
174,"Italian","English","French","Spanish","German","Italian","English","French","German","Spanish","Italian","English","German","French","Spanish","Italian","English","French","German","Spanish","Italian","English","French","German","Spanish","Italian","","","","","","Italy","","","","","checked, unchecked, unchecked, unchecked, unchecked","High School"
299,"Italian","Spanish","English","","","Italian","English","Spanish","","","Italian","Spanish","English","","","Italian","Spanish","English","","","Italian","Spanish","English","","","Italian","Spanish","English","","","","Italy","Spain","","","","unchecked, unchecked, unchecked, unchecked, checked","Ph.D./M.D./J.D."
45,"italian","english","spanish","","","italian","english","french","german","spanish","italian","english","","","","italian","english","","","","italian","english","","","","italian","","","","","","italy","","","","","unchecked, unchecked, unchecked, unchecked, checked","Some College"
216,"Italian","English","German","","","Italian","English","German","","","Italian","English","","","","Italian","English","","","","Italian","English","","","","Christian","","","","","","Italy","","","","","unchecked, unchecked, unchecked, unchecked, checked","High School"
157,"Italian","English","","","","Italian","English","","","","Italian","English","","","","Italian","English","","","","Italian","English","","","","European","others","others","others","others","","Italy","no","no","no","I use glasses","checked, unchecked, unchecked, unchecked, unchecked","Masters"
101,"italian","english","","","","italian","english","","","","italian","english","","","","italian","english","","","","italian","english","","","","european","","","","","","Italy","","","","","unchecked, unchecked, unchecked, unchecked, checked","College"
118,"Italian","English","","","","Italian","English","","","","Italian","English","","","","Italian","English","","","","Italian","English","","","","Italian","","","","","","Italy","","","","Myopia","unchecked, unchecked, unchecked, unchecked, checked","Some College"
116,"Italian","English","","","","Italian","English","","","","Italian","English","","","","Italian","English","","","","Italian","English","","","","Italian","US-American","","","","","Italy","USA","","","","unchecked, unchecked, unchecked, unchecked, checked","High School"
189,"Italian","English","","","","Italian","English","","","","Italian","English","","","","Italian","English","","","","Italian","English","","","","Italian","","","","","","Italy","","","","","unchecked, unchecked, unchecked, unchecked, checked","College"
200,"Italian","English","","","","Italian","English","","","","Italian","English","","","","Italian","English","","","","Italian","English","","","","Italian","US-American","","","","","Italy","","","","","checked, unchecked, unchecked, unchecked, unchecked","High School"
300,"Italian","English","","","","Italian","English","","","","Italian","English","","","","Italian","English","","","","Italian","English","","","","Italian","","","","","","Italy","","","","","unchecked, unchecked, unchecked, unchecked, checked","High School"
143,"Italian","English","Spanish","","","Italian","Spanish","English","","","italian","English","Spanish","","","italian","english","spanish","","","italian","ensglish","spanish","","","Italian","US-American","","","","","italy","","","","Need glasses to read ","checked, unchecked, unchecked, unchecked, unchecked","Some College"
91,"italian","spanish","english","","","italian","english","spanish","","","italian","english","","","","italian","","","","","italian","","","","","italian","","","","","","Italy","","","","","unchecked, unchecked, unchecked, unchecked, checked","Some Graduate School"
293,"Italian","English","Russian","German","","Italian","English","German","Russian","","Italian","English","German","Russian ","","Italian","English","German ","Russian","","Italian","English","German","Russian","","Italian","","","","","","Italy","","","","Myopia","checked, unchecked, unchecked, unchecked, unchecked","College"
145,"Italian","English","Spanish ","German","","Italian","English","German","Spanish","","Italian","English","Spanish","German","","Italian","English","Spanish","German","","Italian","English","Spanish","German","","European","","","","","Bachelor degree","Italy","","","","","unchecked, unchecked, unchecked, unchecked, checked","College"
260,"Italian","English","French","Arabic","","Italian","English","French","Arabic","","Italian","English","French","Arabic","","Italian","","","","","Italian","English","French","Arabic","","Italian","","","","","","Italy","","","","I'm myopic and I wear glasses to correct the problem.","checked, unchecked, unchecked, unchecked, unchecked","College"
83,"Italian","English","French","Spanish","Japanese","Italian","English","French","Japanese","Spanish","Italian","English","French","Spanish","Japanese","Italian","English","French","Spanish","Japanese","Italian","English","French","Spanish","Japanese","Mediterranean","North European","Japanese","","","","Italian","France","","","","unchecked, unchecked, unchecked, unchecked, checked","Ph.D./M.D./J.D."
15,"Italian","English","","","","Italian","English","","","","Italian","English","","","","Italian","English","","","","Italian","English","","","","Italian","Neapolitan","","","","","Italy","","","","","unchecked, unchecked, unchecked, unchecked, checked","High School"
249,"Italian ","English ","","","","Italian ","English ","","","","Italian ","English ","","","","Italian ","English ","","","","Italian ","English ","","","","White  italian","","","","","","Italian ","Italian ","","","I wear glasses and use hearing aids because of hearing problems ","checked, checked, unchecked, unchecked, unchecked","Professional Training"
193,"italian","english","spanish","albanian","","italian","albanian","english","spanish","","italian","english","spanish","albanian","","italian","english","spanish","albanian","","italian","english","spanish","albanian","x","italian","albanian","","","","","italy","","","","","unchecked, unchecked, unchecked, unchecked, checked","Some Graduate School"
226,"Italian","English","Spanish","","","Italian","English","Spanish","","","Italian","English","Spanish","","","Italian","English","Spanish","","","Italian","English","Spanish","","","Italian","","","","","","Italy","","","","I've been wearing glasses since I was 18.","checked, unchecked, unchecked, unchecked, unchecked","Masters"
176,"Italian","English","","","","Italian","English","","","","Italian","English","0","0","0","Italian","English","","","","Italian","English","","","","Italian","Catholic","European","","","I am in university","Italy","","","","","unchecked, unchecked, unchecked, unchecked, checked","College"
203,"Italian","Arabic","French","Spanish","English","Italian","English ","Spanish","French","Arabic","Italian","English","Spanish","French","Arabic","Itaiuany","English ","Spanish","French","Arabic","Itaiian","Spanish","English","French","Arabic","Europe","","","","","","Italy","Italy","","",".","unchecked, unchecked, unchecked, unchecked, checked","Ph.D./M.D./J.D."
32,"Italian","English","Spanish","","","Italian","English","Spanish","","","Italian","English","Spanish","","","Italian","English","Spanish","","","Italian","English","Spanish","","","Italian","","","","","","Italy","Spain","","","","unchecked, unchecked, unchecked, unchecked, checked","Ph.D./M.D./J.D."
100,"Italian","English","German","Spanish","","English","Italian","Spanish","German","","Italian","English ","German","Spanish","","Italian","English ","Spanish ","German ","","Italian","English","German ","Spanish ","","Italian","Queer","German ","","","","Itali","German ","Irland","Italy","Dislessia ","unchecked, unchecked, unchecked, checked, unchecked","College"
163,"Italian","English","","","","Italian","English","","","","Italian","English","","","","Italian","English","","","","Italian","English","","","","Italian","European","","","","","Italy","","","","","unchecked, unchecked, unchecked, unchecked, checked","College"
191,"Italian","Spanish","English","Piedmontes","Russian","Italian","Spanish","Piedmontes","Engliah","Russian","Italian","Piedmomtes","Spanish","English","Russian","Italian","Spanish","Piedmontes","English","Russian","Italian","Spanish","Piedmontes","Russian","English","Italian","","","","","","Italy","","","","","unchecked, unchecked, unchecked, unchecked, checked","High School"
72,"Italian","English","Spanish","French","Korean","Italian","English","French","Spanish","Korean","Italian","English","Spanish","French","Korean","Italian","English","Spanish","French","Korean","Italian","English","Spanish","French","Korean","Italian","","","","","","Italy","","","","","unchecked, unchecked, unchecked, unchecked, checked","Some College"
142,"italian","english","spanish","russian","","italian","english","spanish","russian","","40","40","10","10","0","80","20","0","0","0","60","30","10","0","0","italian","","","","","","italy","never been outside of my country ","","","I have astigmatism and myopia in both eyes%2C one of them need a prism because I have what it called a random lazy eye. ","checked, unchecked, unchecked, unchecked, unchecked","Professional Training"
247,"Italian","English","","","","Italian","English","","","","Italian","English","","","","Italian","English","","","","Italian","English","","","","Italian","","","","","","Italy","","","","","unchecked, unchecked, unchecked, unchecked, checked","Some Graduate School"
24,"Italian","English","","","","Italian","English","","","","Italian","English","","","","Italian","English","","","","Italian","","","","","Italian ","","","","","","Italy","","","","Miopia","checked, unchecked, unchecked, unchecked, unchecked","Some Graduate School"
234,"italian","english","french","","","italian","english","french","","","italian","english","french","","","italian","english","french","","","italian ","english","","","","italian","","","","",".","italian","germany","","","","unchecked, unchecked, unchecked, unchecked, checked","Some College"
257,"Italian","English","French","","","Italian","English","French","","","Italian","English","French","","","Italian","English","French","","","Italian","English","French","","","Italian","","","","","","Italy","France","","","None","checked, unchecked, unchecked, unchecked, unchecked","Masters"
204,"Italian","English","","","","Italian","English","","","","Italian","English","","","","Italian","English","","","","Italian","English","","","","European","","","","","","Italy","","","","","unchecked, unchecked, unchecked, unchecked, checked","Masters"
276,"Italian","English","French","","","Italian","English","French","","","Italian","English","French","","","Italian","English","French","","","Italian","English","French","","","European","","","","","","Italy","","","","","unchecked, unchecked, unchecked, unchecked, checked","College"
156,"Italian","English ","Spanish ","German ","Russian ","Italian ","English ","Spanish ","German","Russian","Italian ","English ","Spanish","German","Russian ","English ","","","","","English ","","","","","Cristiana ","","","","","","Italy","","","","Miopia e Astigmatismo ","unchecked, unchecked, unchecked, unchecked, checked","High School"
222,"ITALIAN","ENGLISH","SPANISH","","","ITALIAN","ENGLISH","","","","ITALIAN","ENGLISH","SPANISH","","","ITALIAN","ENGLISH","SPANISH","","","ITALIAN","ENGLISH","SPANISH","","","EUROPEAN","","","","","","ITALY","","","","","unchecked, unchecked, unchecked, unchecked, checked","High School"
284,"Italian","English","Spanish","French","","Italian","English","French","Spanish","","Italian","English","French","Spanish","","Italian","English","Spanish","French","","Italian","English","","","","Italian","Neapolitan","","","","","Italy","","","","Just wearing glasses","checked, unchecked, unchecked, unchecked, unchecked","Some Graduate School"
271,"Italian","English","Spanish","","","Italian","English","Spanish","","","Italian","English","Spanish","","","Italian","English","Spanish","","","Italian","English","Spanish","","","Italian","US-American","","","","","Italy","","","","","unchecked, unchecked, unchecked, unchecked, checked","High School"
151,"Italian","English ","French ","Spanish ","Portuguese ","Italian ","English ","French ","Spanish ","Portuguese ","Italian ","English","French","Spanish","Portuguese ","Italian ","English ","French","Spanish","Portuguese ","Italian ","English ","French ","Spanish ","Portuguese ","Italian","","","","","","Italy","","","","","unchecked, unchecked, unchecked, unchecked, checked","College"
35,"Italian","English","Spanish","French","","Italian","English","Spanish","French","","Italian","English","Spanish","French","","Italian","English","","","","Italian","English","","","","Italian","","","","","","Italy","","","","","unchecked, unchecked, unchecked, unchecked, checked","High School"
239,"italian","english","french","","","italian","english","french","","","italian","english","french","","","italian","english","french","","","italian","english","french","","","italian","european","Westerners","","","","italy","","","","I had hyperopia","checked, unchecked, unchecked, unchecked, unchecked","Some College"
97,"Italiano","English","","","","Italiano","English","","","","Italiano","English","","","","Italian","","","","","Italiano","","","","","Italian","","","","","graduate in political science","Italy","","","","","checked, unchecked, unchecked, unchecked, unchecked","Other"
47,"Italian","English","","","","Italian","English ","","","","Italian ","English ","","","","Italian ","English ","","","","Italian ","English ","","","","Jewish","Italian ","Us american ","English ","","","Italy ","Italy","Germany ","","","unchecked, unchecked, unchecked, unchecked, checked","College"
88,"Italiano","Spanish","English","French","","Italiano","English","Spanish","French","","Italiano","English","Spanish","French","","Italiano","Spanish","English","French","","Italiano","Spanish","English","French","","Italiana","Christian","","","","","Italia","","","","","unchecked, unchecked, unchecked, unchecked, checked","Ph.D./M.D./J.D."
269,"Italian","English","","","","Italian ","English","","","","Italian","English","-","-","-","Italian","English","-","-","-","Italian","English","-","-","-","Italian","","","","","","Italy","","","","","unchecked, unchecked, unchecked, unchecked, checked","Masters"
144,"Italian","English","","","","Italian","English","","","","Italian","English","","","","Italian","English","","","","Italian","English","","","","European","Italian","","","","","Italy","","","","","unchecked, unchecked, unchecked, unchecked, checked","High School"
279,"Italian","English","Spanish","French","","Italian","English","Spanish","French","","Italian","English","Spanish","French","","Italian","English","Spanish","French","","Italian","English","Spanish","French","","Italian","Christian","","","","","Italy","","","","I'm wearing glasses because my vision is sub-optimal.","checked, unchecked, unchecked, unchecked, unchecked","Professional Training"
87,"Italian","Portuguese","English","Polish","Spanish","Italian","Portuguese","English","Spanish","Polish","40","10","30","0","20","50","10","40","0","0","40","20","30","0","10","Italian","Brazilian","Polish","","","","Italy","","","","","unchecked, unchecked, unchecked, unchecked, checked","Ph.D./M.D./J.D."
107,"Italian","English","German","","","Italian","English ","German","","","Italian","English","German","","","Italian","English","","","","Italian","English","","","","Italian","","","","","","Italy","Italy","","","","unchecked, unchecked, unchecked, unchecked, checked","Masters"
135,"Italian","English","","","","Italian","English","","","","Italian ","English ","","","","Italian ","English ","","","","Italian ","English ","","","","Italian ","","","","","","Italy","","","","","unchecked, unchecked, unchecked, unchecked, checked","Masters"
58,"Italian","English ","","","","Italian","English ","","","","50","50","","","","50","50","","","","50","50","","","","Italiano ","","","","","","Italy","","","","I have ADHD - so next times invite me and gimme a fat paycheck . I am sn interesting guy to take data from 😎☝️","unchecked, unchecked, unchecked, checked, unchecked","High School"
31,"italian","english","spanish","","","italian ","english","spanish","","","italian ","english","spanish","","","italian","english","spanish","","","italian ","english","spanish","","","sicilian","","","","","","italy","","","","i have astigmatism and myopia ","checked, unchecked, unchecked, unchecked, unchecked","College"
188,"Italian","English","French","Spanish","","Italian","English","Spanish","French","","Italian","English","Spanish","French","","Italian","English","Spanish","French","","Italian","English","Spanish","French","","Italian","","","","","","Italy","","","","","unchecked, unchecked, unchecked, unchecked, checked","Masters"
128,"Italian","English","","","","Italian ","English","","","","Italian","English","","","","Italian","English","","","","English","Italian","","","","Italian","","","","","","Italy","","","","Significant shortsightedness","checked, unchecked, unchecked, unchecked, unchecked","College"
39,"Italian","English","","","","Italian","English","","","","Italian","English","","","","English","Italian","","","","italian","English","","","","Italian","","","","","","Italy","Italy","","","","unchecked, unchecked, unchecked, unchecked, checked","Masters"
10,"italiano","inglese","","","","francese","sapgnolo","","","","italiano","inglese","","","","italiano","inglese","","","","italiano","","","","","mediterranea","","","","","","italia","italia","","","","unchecked, unchecked, unchecked, unchecked, checked","Some College"
60,"Italian","English","","","","Italian","English","","","","Italian","English","","","","Italian","English","","","","Italian","English","","","","Italian","Neurodivergent","Catholic","","","","Italy","","","","I have astigmatism and wear corrective glasses","checked, unchecked, unchecked, unchecked, unchecked","Some College"
62,"Italian","English","","","","Italian","English","","","","Italian","English","","","","Italian","English","","","","Italian","English","","","","European","American","","","","","Italy","","","","","unchecked, unchecked, unchecked, unchecked, checked","High School"
231,"Italian","English ","","","","Italian ","English","","","","Italian","English ","","","","Italian ","English ","","","","Italian ","English","","","","European ","Italian","Friulian ","","","","Italy ","","","","","unchecked, unchecked, unchecked, unchecked, checked","Some Graduate School"
208,"Italiano ","Inglese ","Francese ","","","Italiano ","Francese","Inglese","","","Italiano ","Inglese ","Francese","Spagnolo ","Tedesco ","Italiano ","","","","","Italiano ","","","","","Italiana","","","","","","Italia ","","","","","unchecked, unchecked, unchecked, unchecked, checked","High School"
248,"Italiano","","","","","Italiano","","","","","Italiano","","","","","Italiano ","","","","","Italiano","","","","","Italiana ","","","","","","","Italia","","","","checked, unchecked, unchecked, unchecked, unchecked","College"
42,"Italian","English","French","","","Italian","English","French","","","Italian","English","French","","","Italian","English","French","","","Italian","English","French","","","Italian","","","","","","Italy","","","","Myopia","checked, unchecked, unchecked, unchecked, unchecked","College"
33,"Italian","English","Dutch","","","Italian","English","Dutch","","","Italian","English","Dutch","","","Italian","English","Dutch","","","Italian","English","Dutch","","","Italian","Dutch","English","","","","Italy","Holland","","","","unchecked, unchecked, unchecked, unchecked, checked","High School"
114,"Italian","English","","","","Italian","English","","","","Italian","English","","","","Italian","English","","","","Italian","English","","","","Italian","","","","","","Italy","","","","","unchecked, unchecked, unchecked, unchecked, checked","Masters"
268,"Italian","Sardinian","English","","","Italian ","Sardinian ","English","","","Italian","English","Sardinian ","","","Italian","English ","Sardinian","","","Italian","English ","Sardinian ","","","Sardinian ","Italian","Western european","","","","Italy","","","","","unchecked, unchecked, unchecked, unchecked, checked","High School"
48,"Italian","English","French","","","Italian ","English ","French","","","Italian","English ","French","","","Italian","English ","French","","","Italian ","","","","","Italian","","","","","","Italy","","","","I need prescription glasses ","checked, unchecked, unchecked, unchecked, unchecked","College"
162,"Italian","English","Spanish","German","","Italian","English","Spanish","German","","Italian","English","Spanish","German","","Italian","English","","","","Italian","English","","","","Italian","","","","","","Italy","","","","Myopia and astigmatism%2C corrected with glasses","checked, unchecked, unchecked, unchecked, unchecked","Some Graduate School"
278,"Italian","English","German","French","","Italian","English","German","French","","Italian","English","German","French","","Italian","English","German","French","","Italian","English","German","French","","Italian","","","","","","Italy","","","","","unchecked, unchecked, unchecked, unchecked, checked","Professional Training"
20,"Italian","English ","Spanish ","German ","","Italian","English","Spanish ","German ","","Italian","English","Spanish ","German","","Italian","English ","Spanish ","German ","","Italian","English","Spanish","German","","Italian","Spanish ","Korean ","","","","Italy ","","","","","checked, unchecked, unchecked, unchecked, unchecked","Some College"
8,"Italian","English","French","","","Italian","French","English","","","Italian","English","French","","","talian","English","French","","","talian","English","French","","","Italian","English","","","","Bachelor's Degree","Italy","","","","","unchecked, unchecked, unchecked, unchecked, checked",""
115,"Italian ","English  ","Sicilian ","","","Italian ","Sicilian ","English ","","","Italian ","English ","Sicilian ","","","Italian ","English ","Sicilian ","","","Italian ","English ","Sicilian","","","Italian ","","","","","","Italy","","","","I need glasses","unchecked, unchecked, unchecked, unchecked, checked","Some Graduate School"
184,"Italian","English ","","","","Italian ","English ","","","","Italian ","English ","None","None","None","Italian ","English ","None ","None ","None","Italian ","English ","None","None","None","Italian ","","","","","","Italy","","","","","unchecked, unchecked, unchecked, unchecked, checked","Masters"
264,"Italian","English","Algherese","Spanish","","Italian","Algherese","English","Spanish","","Italian","Algherese","English","Spanish","","Italian","Algherese","English","Spanish","","Italian","Algherese","English","Spanish","","Italian - Catholic","","","","","","Italy","","","","Miopy","checked, unchecked, unchecked, unchecked, unchecked","Ph.D./M.D./J.D."
57,"Italian","English ","German ","","","Italian ","English ","German ","","","Italian ","English ","German ","","","Italian","English ","German ","","","Italian ","English ","German ","","","European ","","","","","","Italy ","","","","","unchecked, unchecked, unchecked, unchecked, checked","Ph.D./M.D./J.D."
236,"Italian","English","","","","Italian","English","","","","Italian","English","","","","Italian","English","spanish","polish","french","Italian","English","spanish","polish","french","Italian","French","","","","","Italy","","","","I have myopia.","checked, unchecked, unchecked, unchecked, unchecked","Masters"
224,"Italian","English","","","","Italian","English","","","","Italian","English","","","","Italian","English","","","","Italian","English","","","","Italian","","","","","","Italy","","","","I have some minor vision problems that has been easly fixed with eyeglasses","checked, unchecked, unchecked, unchecked, unchecked","College"
13,"Italian","english","french","arabic","spanish","italian","english","french","arabic","spanish","italian","english","arabic","french","Spanish","Italian","english","french","spanish","arabic","Italian","english","french","arabic","spanish","Italian - mediterran","","","","","","Italy","","","","","checked, unchecked, unchecked, unchecked, unchecked","High School"
242,"Italian","English","","","","Italian","English","","","","English","Italian","","","","Italian","English","","","","Italian","English","","","","Italian","European","","","","","Italy","","","","","unchecked, unchecked, unchecked, unchecked, checked","Ph.D./M.D./J.D."
218,"Italian","English","","","","Italian","English","","","","Italian","English","","","","Italian","English","","","","Italian","English","","","","Italian","US-American","","","","","Italy","","","","","unchecked, unchecked, unchecked, unchecked, checked","Ph.D./M.D./J.D."
63,"Italian","English","","","","Italian","English","","","","Italian","English","asdf","asdf","asdf","Italian","English","","","","Italian","English","","","","Italian","","","","","","Italy","","","","","unchecked, unchecked, unchecked, unchecked, checked","Masters"
34,"Italian","English","","","","Italian","English","","","","Italian","English","","","","Italian","English","","","","Italian","English","","","","Italian","","","","","","Italy","","","","","unchecked, unchecked, unchecked, unchecked, checked","High School"
207,"Italian ","Sardinian","English","French","","Sardinian","Italian","French","English","","Sardinian","Italian","English","French","","Italian","English","","","","Italian","Sardinian","English","","","Italian","Sardinian","","","","","Italy","","","","","unchecked, unchecked, unchecked, unchecked, checked","Masters"
121,"Italian ","English ","Romanian","","","Italian ","English","Romanian","","","Italian ","English ","Romanian","","","Italian ","English ","Romanian","","","Italian ","English ","Romanian ","","","European","","","","","","Italy ","","","","","checked, unchecked, unchecked, unchecked, unchecked","Masters"
117,"italian","english","","","","italian","english","","","","italian","english","","","","italian","english","","","","italian","english","","","","european","","","","","","italy","italy","","","","unchecked, unchecked, unchecked, unchecked, checked","High School"
140,"Italian","English","","","","Italian","English","","","","Italian","English","/","/","/","Italian","English","/","/","/","Italian","English","","","","European","","","","","","Italian","","","","","unchecked, unchecked, unchecked, unchecked, checked","Some Graduate School"
155,"Italian","English","Spanish","","","Italian","English","Spanish","","","Italian","English","Spanish","","","Italian","English","Spanish","","","Italian","English","Spanish","","","Italian ","","","","","","Italy","","","","","unchecked, unchecked, unchecked, unchecked, checked","Some Graduate School"
281,"Italian","French","English","Spanish","","Italian","English","French","Spanish","","Italian","English","French","Spanish","","Italian","English","French","Spanish","","Italian","English","French","Spanish","","American","Jewish","European","","","","Italy","France","Spain","England","","checked, unchecked, unchecked, unchecked, unchecked","High School"
12,"Italian","English","Spanish","French","German","Italian","English","Spanish","French","German","Italian","English","spanish","french","german","Italian","English","spanish","french","german","Italian","English","spanish","french","german","Italian","US-American","Chinese","Jewish-Orthodox","spanish","","Italy","England","","","Miopy%2C i used to wear glasses","checked, unchecked, unchecked, unchecked, unchecked","Ph.D./M.D./J.D."
232,"italian","english","french","","","italian","english","french","","","italian","english","french","","","italian","english","french","","","italian","english","french","","","European","","","","","","Italy","","","","","unchecked, unchecked, unchecked, unchecked, checked","Masters"
250,"Italiano","Inglese","Francese","","","Italiano","Inglese","Francese","","","Italiano","Inglese","Francese","","","Italiano","Inglese","","","","Italiano","","","","","Italiana","","","","","","Italia","","","","Soffro di miopia acuta","checked, unchecked, unchecked, unchecked, unchecked","College"
253,"Italian","English","Spanish","","","Italian","Spanish","English","","","Italian","English","Spanish","","","Italian","English","Spanish","","","Italian","English","Spanish","","","Italian","European","Netcitizen","","","","Italy","","","","I wear glasses","checked, unchecked, unchecked, unchecked, unchecked","College"
211,"italian","english","polish","german","","italian","english","german","polish","","italian","english","german","polish","null","italian","english","german","polish","null","italian","english","german","polish","","Caucasian","","","","","","Italy","Germany","","","","unchecked, unchecked, unchecked, unchecked, checked","Ph.D./M.D./J.D."
153,"Italian","English","Spanish","Korean","","Italian","English","Spanish","Korean","","Italian","English","Spanish","Korean","","Italian","English","Spanish","Korean","","Italian","English","Spanish","Korean","","Italian","English","Spanish","Korean","","","Italy","","","","","unchecked, unchecked, unchecked, unchecked, checked","College"
104,"Italian","English","","","","Italian","English","","","","Italian","English","","","","Italian","English","","","","Italian","English","","","","Italian","American","English","","","","Italy","United Kingdom ","","","I wear glasses","checked, unchecked, unchecked, unchecked, unchecked","Masters"
69,"italian","english","croatian","","","italian","croatian","english","","","italian","english","croatian","","","italian","english","croatian","","","italian","english","croatian","","","italian","central european","","","","","Italy","","","","","unchecked, unchecked, unchecked, unchecked, checked","College"
227,"Italian","English","","","","Italian","English","","","","Italian","English","","","","Italian","English","","","","italian","english","","","","European","Catholic","Western","","","","Italy","Sweden","USA","Germany","","unchecked, unchecked, unchecked, unchecked, checked","Masters"
131,"Italian","English","","","","Italian","English","","","","Italian","English","","","","Italian","English","","","","Italian","English","","","","Italian","","","","","","Italy","","","","I have myopia and astigmatism","checked, unchecked, unchecked, unchecked, unchecked","High School"
23,"italian","english","french","spanish","chinese","italian","english","french","spanish","chinese","italian","English","French","Spanish","Chinese","Italian","English","French","Spanish","Chinese","Italian","English","French","Spanish","Chinese","Italian","","","","","","Italy","","","","","unchecked, unchecked, unchecked, unchecked, checked","Masters"
212,"Italiano","Inglese","Spagnolo","Francese","","Italiano","Inglese","Spagnolo","Francese","","Italiano","Inglese","","","","Italiano","Inglese","","","","Italiano","Inglese","","","","Sarda ","Italiana","","","","","Italia","","","","","unchecked, unchecked, unchecked, unchecked, checked","Masters"
137,"Italian","English","Russian","","","Italian","English ","Russian","","","Italian","English","Russian","","","Italian","English","Russian","","","Italian","English","Russian","","","Italian","Russian","English","","","","Italy","","","","","checked, unchecked, unchecked, unchecked, unchecked","High School"
26,"Italian","English","German","","","Italian ","English","German","","","Italian","English","German","","","Italian","English","","","","Italian","","","","","European","Italian","","","","","Italy","Netherlands","Germany","","","unchecked, unchecked, unchecked, unchecked, checked","Ph.D./M.D./J.D."
173,"Italian","English","Russian","","","Italian","English","Russian","","","Italian","English","Russian","","","Italian","English","Russian","","","Italian","English","Russian","","","Italian","","","","","Bachelor's degree","Italy","","","","Myopia and astigmatism (the latter has been corrected with glasses)","checked, unchecked, unchecked, unchecked, unchecked","Other"
235,"Italian","English","Esperanto","","","Italian","English","Esperanto","","","Italian","English","Esperanto","","","Italian","English","Esperanto","","","Italian","English","Esperanto","","","Italian","European","","","","","Italy","","","","Myopia and Astigmatism%2C corrected with glasses after a year","checked, unchecked, unchecked, unchecked, unchecked","High School"
246,"Italian","English","","","","Italian","English","","","","Italian","English","","","","Italian","English","","","","Italian","English","","","","Italian","","","","","","Italy","","","","","unchecked, unchecked, unchecked, unchecked, checked","College"
1,"Italian","English","German","Russian","Spanish","Italian","English","Spanish","German","Russian","Italian","English","German","Russian","","Italian","English","","","","Italian","English","German","Russian","Spanish","Italian","","","","","","Italy","","","","","unchecked, unchecked, unchecked, unchecked, checked","College"
