"","Results.reception.time","MD5.hash.of.participant.s.IP.address","Controller.name","Order.number.of.item","Inner.element.number","Label","Latin.Square.Group","PennElementType","Parameter","EventTime","Number","Name","Target","Group","LexicalType","TrialType","Valence","ContextCondition","Comments","Language","Participant","likert_valence","likert_arousal","Word","notFit"
"1",1776965298,"bd32b05e78598a25c49a3b34cd78d3f4","PennController",13,0,"rating_task","NULL","Scale","Choice",1776964731699,"NULL","","","","","","","","","Italian",213,"2","6","sleale","no"
"2",1776965317,"9b65be920f6a7c25d025756d84731ae3","PennController",21,0,"rating_task","NULL","Scale","Choice",1776964624225,"NULL","","","","","","","","","Italian",168,"4","2","cauta","no"
"3",1776965533,"aeb219e54eaf0955a8c6aa07eecd75a5","PennController",11,0,"rating_task","NULL","Scale","Choice",1776965027975,"NULL","","","","","","","","","Italian",190,"2","6","indiscreta","no"
"4",1776965784,"4bb44c74338d592f212db622cdba8428","PennController",11,0,"rating_task","NULL","Scale","Choice",1776964877734,"NULL","","","","","","","","","Italian",74,"4","4","indiscreta","no"
"5",1776965828,"16372fc70a16b58eee4412f417cd3bd6","PennController",28,0,"rating_task","NULL","Scale","Choice",1776964986747,"NULL","","","","","","","","","Italian",22,"5","1","santo","no"
"6",1776965841,"eba9a57b2ea997986a5f2ad1345e50c5","PennController",8,0,"rating_task","NULL","Scale","Choice",1776964940275,"NULL","","","","","","","","","Italian",272,"3","7","inaffidabile","no"
"7",1776965854,"364b9300e3c56d03e1730d91e7acec2c","PennController",20,0,"rating_task","NULL","Scale","Choice",1776965243263,"NULL","","","","","","","","","Italian",49,"7","2","paziente","no"
"8",1776965860,"609662bbd7ccff6f93776e3eb6253b36","PennController",6,0,"rating_task","NULL","Scale","Choice",1776965199111,"NULL","","","","","","","","","Italian",106,"4","5","osceno","no"
"9",1776965873,"75400529d230922f1a424ed13548711f","PennController",23,0,"rating_task","NULL","Scale","Choice",1776965326150,"NULL","","","","","","","","","Italian",125,"3","2","cattivo","no"
"10",1776966063,"ab0ee906af8d88ccff6f74294678c3a9","PennController",22,0,"rating_task","NULL","Scale","Choice",1776965406976,"NULL","","","","","","","","","Italian",185,"4","3","riservata","no"
"11",1776966116,"4a760ec1601a39a72123bf3f8620ff20","PennController",7,0,"rating_task","NULL","Scale","Choice",1776965478678,"NULL","","","","","","","","","Italian",71,"6","3","scortese","no"
"12",1776966143,"8070d03980ae11d94a822438a99a6826","PennController",4,0,"rating_task","NULL","Scale","Choice",1776965299396,"NULL","","","","","","","","","Italian",136,"8","9","tesoro","no"
"13",1776966158,"01b5d575aaa768665ac4519408ba1de9","PennController",15,0,"rating_task","NULL","Scale","Choice",1776965531324,"NULL","","","","","","","","","Italian",3,"7","2","elegante","no"
"14",1776966159,"6ba7984171bfac0adefa2e1ba604977e","PennController",25,0,"rating_task","NULL","Scale","Choice",1776965600695,"NULL","","","","","","","","","Italian",113,"3","4","negativo","no"
"15",1776966260,"d266938b36e01b140d817e19cc36287d","PennController",22,0,"rating_task","NULL","Scale","Choice",1776965743829,"NULL","","","","","","","","","Italian",245,"6","3","riservata","no"
"16",1776966261,"a50127232becdf5a1d3be41bcf666057","PennController",8,0,"rating_task","NULL","Scale","Choice",1776965387137,"NULL","","","","","","","","","Italian",178,"2","4","inaffidabile","no"
"17",1776966293,"cdd85093d042ea8bb33e7bb412f30cd1","PennController",22,0,"rating_task","NULL","Scale","Choice",1776965230526,"NULL","","","","","","","","","Italian",238,"5","2","riservata","no"
"18",1776966381,"b89ff8c376daf8ef34388a9b22953d8e","PennController",22,0,"rating_task","NULL","Scale","Choice",1776965893383,"NULL","","","","","","","","","Italian",205,"8","1","riservata","no"
"19",1776966478,"2e1a67f79192e16481165b79d7d872c3","PennController",9,0,"rating_task","NULL","Scale","Choice",1776965506333,"NULL","","","","","","","","","Italian",43,"3","1","pigra","no"
"20",1776966536,"88ec72c4d05f8c9fe6cbcdf563395c4c","PennController",18,0,"rating_task","NULL","Scale","Choice",1776964739019,"NULL","","","","","","","","","Italian",146,"9","1","affidabile","no"
"21",1776966643,"4da8fcb04e0c75ded5b62b346424a32c","PennController",12,0,"rating_task","NULL","Scale","Choice",1776965999736,"NULL","","","","","","","","","Italian",77,"7","7","crudele","no"
"22",1776966718,"3662d3c9a29f1488ccd380b8bdb65708","PennController",5,0,"rating_task","NULL","Scale","Choice",1776965960158,"NULL","","","","","","","","","Italian",50,"2","8","bugiarda","no"
"23",1776966726,"3828fe21921874cc07fed65a91fabde9","PennController",21,0,"rating_task","NULL","Scale","Choice",1776965888997,"NULL","","","","","","","","","Italian",53,"7","5","cauta","no"
"24",1776966741,"04bcbfc5ccee0d2671d56e32aaaf41c8","PennController",10,0,"rating_task","NULL","Scale","Choice",1776965682303,"NULL","","","","","","","","","Italian",6,"2","4","meschina","no"
"25",1776966815,"cfc49af21121ac68164980907e0404ef","PennController",13,0,"rating_task","NULL","Scale","Choice",1776965787521,"NULL","","","","","","","","","Italian",243,"1","7","sleale","no"
"26",1776966855,"9f036ace337fd889331b519ccf05a97a","PennController",15,0,"rating_task","NULL","Scale","Choice",1776966250617,"NULL","","","","","","","","","Italian",169,"8","4","elegante","no"
"27",1776966859,"bffa2231f56451a959f9d838a08fff62","PennController",6,0,"rating_task","NULL","Scale","Choice",1776966004719,"NULL","","","","","","","","","Italian",214,"3","6","osceno","no"
"28",1776966877,"c0c384c9ba48ca1cdcf658e48658ec91","PennController",3,0,"rating_task","NULL","Scale","Choice",1776966210142,"NULL","","","","","","","","","Italian",215,"3","5","stronzo","no"
"29",1776966906,"7d3b7c9c304330a9105e148283901d5d","PennController",7,0,"rating_task","NULL","Scale","Choice",1776966110285,"NULL","","","","","","","","","Italian",133,"1","9","scortese","no"
"30",1776967182,"6fc295422c8244308ee9988da5d4d407","PennController",15,0,"rating_task","NULL","Scale","Choice",1776965712878,"NULL","","","","","","","","","Italian",119,"9","3","elegante","no"
"31",1776967227,"08ed331283e0215a69ee793abffe8a06","PennController",3,0,"rating_task","NULL","Scale","Choice",1776966543380,"NULL","","","","","","","","","Italian",11,"5","5","stronzo","no"
"32",1776967294,"ff840998d42adef4ec32c15e77899744","PennController",10,0,"rating_task","NULL","Scale","Choice",1776966342802,"NULL","","","","","","","","","Italian",301,"5","3","meschina","no"
"33",1776967295,"8aed30115454b78eefff0c72b1ed842e","PennController",23,0,"rating_task","NULL","Scale","Choice",1776966652917,"NULL","","","","","","","","","Italian",147,"3","1","cattivo","no"
"34",1776967329,"2a0eddf32614539573eab4bcbdae7c09","PennController",8,0,"rating_task","NULL","Scale","Choice",1776966347749,"NULL","","","","","","","","","Italian",36,"3","1","inaffidabile","no"
"35",1776967523,"f52505ed5fcdfca5d0d3525061ad1647","PennController",28,0,"rating_task","NULL","Scale","Choice",1776966080965,"NULL","","","","","","","","","Italian",286,"7","1","santo","no"
"36",1776967690,"f9b9d93af41635f489042fe02c5cf3d6","PennController",7,0,"rating_task","NULL","Scale","Choice",1776967109191,"NULL","","","","","","","","","Italian",291,"3","6","scortese","no"
"37",1776967911,"a24323f1bc8853fab40845a00f0739e1","PennController",28,0,"rating_task","NULL","Scale","Choice",1776966306136,"NULL","","","","","","","","","Italian",175,"7","5","santo","no"
"38",1776967924,"5cddc57fb766d96936ed16a5cc3320c6","PennController",15,0,"rating_task","NULL","Scale","Choice",1776967240572,"NULL","","","","","","","","","Italian",98,"7","4","elegante","no"
"39",1776968078,"ec5d93364dcf5e5cd5048223b8bc6e2a","PennController",6,0,"rating_task","NULL","Scale","Choice",1776967120916,"NULL","","","","","","","","","Italian",275,"5","6","osceno","no"
"40",1776968142,"d9cb13f4d696575f9d94f374e2cb9bf8","PennController",8,0,"rating_task","NULL","Scale","Choice",1776966989506,"NULL","","","","","","","","","Italian",256,"3","5","inaffidabile","no"
"41",1776968402,"4d175f6bfc278fd7db3a34d5afc287fd","PennController",13,0,"rating_task","NULL","Scale","Choice",1776967567393,"NULL","","","","","","","","","Italian",76,"2","7","sleale","no"
"42",1776968440,"13c86cdd97d4a927c3f1f9d6f3ae59a2","PennController",25,0,"rating_task","NULL","Scale","Choice",1776967559573,"NULL","","","","","","","","","Italian",21,"3","7","negativo","no"
"43",1776968547,"44527412c4850b0c6448a441943c409d","PennController",13,0,"rating_task","NULL","Scale","Choice",1776967518175,"NULL","","","","","","","","","Italian",65,"2","6","sleale","no"
"44",1776968747,"f5e4017ff2aacaccbc70d530a7ee7610","PennController",20,0,"rating_task","NULL","Scale","Choice",1776967488141,"NULL","","","","","","","","","Italian",287,"3","2","paziente","no"
"45",1776968781,"e0d029db81b98abe0ea59c990b313417","PennController",28,0,"rating_task","NULL","Scale","Choice",1776968199333,"NULL","","","","","","","","","Italian",262,"5","4","santo","no"
"46",1776968872,"43a59d95b37e53a617a172e2efc7c56d","PennController",20,0,"rating_task","NULL","Scale","Choice",1776968361360,"NULL","","","","","","","","","Italian",64,"5","1","paziente","no"
"47",1776969010,"c59b790a45277285528a5a440cca4f29","PennController",16,0,"rating_task","NULL","Scale","Choice",1776967952685,"NULL","","","","","","","","","Italian",223,"6","2","saggia","no"
"48",1776969063,"c9538a6331fd7e7bfea1fbd3d3e064ec","PennController",27,0,"rating_task","NULL","Scale","Choice",1776968434921,"NULL","","","","","","","","","Italian",233,"1","4","demone","no"
"49",1776969087,"134cd78087823a9f1b6c8d0064b5be4d","PennController",3,0,"rating_task","NULL","Scale","Choice",1776968361247,"NULL","","","","","","","","","Italian",18,"2","6","stronzo","no"
"50",1776969127,"a81ccff028cc05cb3a1ddd4302454e61","PennController",15,0,"rating_task","NULL","Scale","Choice",1776968398411,"NULL","","","","","","","","","Italian",181,"7","5","elegante","no"
"51",1776969182,"ba695fb1e34a2911fb20e604a17abf09","PennController",23,0,"rating_task","NULL","Scale","Choice",1776968518603,"NULL","","","","","","","","","Italian",206,"2","6","cattivo","no"
"52",1776969201,"628e3e61211d2298260ce7a550b2b2f7","PennController",7,0,"rating_task","NULL","Scale","Choice",1776968725074,"NULL","","","","","","","","","Italian",109,"3","4","scortese","no"
"53",1776969379,"7211bb9acd114476b7474f9bb2555a5e","PennController",8,0,"rating_task","NULL","Scale","Choice",1776968468565,"NULL","","","","","","","","","Italian",123,"7","7","inaffidabile","yes"
"54",1776969733,"618f739eea9decfe6129079e0a6b61d5","PennController",15,0,"rating_task","NULL","Scale","Choice",1776969008665,"NULL","","","","","","","","","Italian",108,"8","7","elegante","no"
"55",1776969814,"398c732733959ffa1930171733b1a45b","PennController",10,0,"rating_task","NULL","Scale","Choice",1776969072670,"NULL","","","","","","","","","Italian",54,"2","5","meschina","no"
"56",1776970448,"fb9eb22f8b9ce412cb08b152d307abd2","PennController",3,0,"rating_task","NULL","Scale","Choice",1776969506960,"NULL","","","","","","","","","Italian",296,"3","7","stronzo","no"
"57",1776971031,"c1b81fac4eeaa8a6493c98480d4ac4e7","PennController",6,0,"rating_task","NULL","Scale","Choice",1776969912965,"NULL","","","","","","","","","Italian",217,"2","5","osceno","no"
"58",1776971199,"f92e3c69c67d3d6f2366ecf0f1086c48","PennController",27,0,"rating_task","NULL","Scale","Choice",1776970243688,"NULL","","","","","","","","","Italian",289,"6","8","demone","no"
"59",1776971234,"a460676641abaa3a31f2b6ae34cdc831","PennController",20,0,"rating_task","NULL","Scale","Choice",1776970678585,"NULL","","","","","","","","","Italian",177,"5","3","paziente","no"
"60",1776971239,"37fd01d1c2c63ed2b9a6fd556e6f4fa2","PennController",16,0,"rating_task","NULL","Scale","Choice",1776970222009,"NULL","","","","","","","","","Italian",52,"7","1","saggia","no"
"61",1776971344,"137abdabc4639487338d7ae3ea4bcc69","PennController",11,0,"rating_task","NULL","Scale","Choice",1776970771568,"NULL","","","","","","","","","Italian",19,"2","3","indiscreta","no"
"62",1776971504,"9293647c333e725359e864afbf39b0b9","PennController",20,0,"rating_task","NULL","Scale","Choice",1776970861408,"NULL","","","","","","","","","Italian",158,"7","2","paziente","no"
"63",1776971549,"d6fc8e9e03dc57161a8fa3d5f95c7f3d","PennController",22,0,"rating_task","NULL","Scale","Choice",1776970824698,"NULL","","","","","","","","","Italian",251,"5","1","riservata","no"
"64",1776971608,"0cc36db88cb17fdd6f65b28cc5f15922","PennController",17,0,"rating_task","NULL","Scale","Choice",1776971011077,"NULL","","","","","","","","","Italian",14,"5","4","scrupolosa","no"
"65",1776971640,"f497cfe535e21376c396135f77b2ff55","PennController",11,0,"rating_task","NULL","Scale","Choice",1776970769323,"NULL","","","","","","","","","Italian",285,"4","6","indiscreta","no"
"66",1776971672,"4671c9906deb15d568c0620d15ee31af","PennController",17,0,"rating_task","NULL","Scale","Choice",1776970866109,"NULL","","","","","","","","","Italian",67,"5","1","scrupolosa","no"
"67",1776972121,"c6418910f65a7163110e79ae6cf490a7","PennController",15,0,"rating_task","NULL","Scale","Choice",1776971083829,"NULL","","","","","","","","","Italian",225,"7","5","elegante","no"
"68",1776972340,"fbd83b45a665e58acfef8a746df34fc5","PennController",10,0,"rating_task","NULL","Scale","Choice",1776971706930,"NULL","","","","","","","","","Italian",297,"2","5","meschina","no"
"69",1776972509,"33e38c363e72f4ef8c1c265a7d917ee1","PennController",8,0,"rating_task","NULL","Scale","Choice",1776971572467,"NULL","","","","","","","","","Italian",46,"2","5","inaffidabile","no"
"70",1776972735,"41c846393eeda825ef77aaefe0ed50bf","PennController",7,0,"rating_task","NULL","Scale","Choice",1776972145666,"NULL","","","","","","","","","Italian",61,"4","5","scortese","no"
"71",1776973130,"8d627347a71de050aed8a8295be4d94e","PennController",27,0,"rating_task","NULL","Scale","Choice",1776972426236,"NULL","","","","","","","","","Italian",152,"3","7","demone","no"
"72",1776973306,"f9e204dda955b8b71ddc9886fe70a113","PennController",20,0,"rating_task","NULL","Scale","Choice",1776972300583,"NULL","","","","","","","","","Italian",292,"8","2","paziente","no"
"73",1776973479,"9613876391d52429ccb0b529ff6e4fe9","PennController",18,0,"rating_task","NULL","Scale","Choice",1776972760681,"NULL","","","","","","","","","Italian",165,"7","2","affidabile","no"
"74",1776974058,"8b4c8968a30eac80473f30320ed65e9d","PennController",11,0,"rating_task","NULL","Scale","Choice",1776973336617,"NULL","","","","","","","","","Italian",149,"3","6","indiscreta","no"
"75",1776974082,"4f2bb57ce4b4c08b606891ee4ca907a4","PennController",24,0,"rating_task","NULL","Scale","Choice",1776973494581,"NULL","","","","","","","","","Italian",82,"8","2","buono","no"
"76",1776974319,"8b3ce3a93136db83925a4870ff5bcba2","PennController",7,0,"rating_task","NULL","Scale","Choice",1776973379885,"NULL","","","","","","","","","Italian",148,"2","7","scortese","no"
"77",1776975061,"b3d92a1e1275feacccc30b5dff59df91","PennController",20,0,"rating_task","NULL","Scale","Choice",1776974040088,"NULL","","","","","","","","","Italian",197,"7","1","paziente","no"
"78",1776975064,"cb10795cda62f952abbce6dcd9320924","PennController",8,0,"rating_task","NULL","Scale","Choice",1776974118632,"NULL","","","","","","","","","Italian",237,"2","5","inaffidabile","no"
"79",1776975448,"4b4f5924333a1f4f86544fa536ce1037","PennController",26,0,"rating_task","NULL","Scale","Choice",1776975016282,"NULL","","","","","","","","","Italian",73,"9","5","positivo","no"
"80",1776975768,"36b13eaa9b482a57c465d3b640df2f02","PennController",22,0,"rating_task","NULL","Scale","Choice",1776974815547,"NULL","","","","","","","","","Italian",51,"5","2","riservata","no"
"81",1776975799,"7a41ee862dd995433c545ae2def7095a","PennController",8,0,"rating_task","NULL","Scale","Choice",1776974904549,"NULL","","","","","","","","","Italian",130,"2","5","inaffidabile","no"
"82",1776975805,"39b4cd31b5c59e3146d6393612269c95","PennController",4,0,"rating_task","NULL","Scale","Choice",1776975281246,"NULL","","","","","","","","","Italian",56,"8","7","tesoro","no"
"83",1776975871,"784af83b1e9eb9e1ba7124779f4781c4","PennController",3,0,"rating_task","NULL","Scale","Choice",1776974868883,"NULL","","","","","","","","","Italian",127,"1","7","stronzo","no"
"84",1776975890,"02955048ffbb6c4a47825d3be54d0257","PennController",14,0,"rating_task","NULL","Scale","Choice",1776975313597,"NULL","","","","","","","","","Italian",4,"6","6","gentile","no"
"85",1776976003,"937bbf79334779aeae5ae043c315f977","PennController",22,0,"rating_task","NULL","Scale","Choice",1776975250708,"NULL","","","","","","","","","Italian",160,"7","8","riservata","no"
"86",1776976733,"593a2eed8cc5ce8a823876a00feb0b7c","PennController",4,0,"rating_task","NULL","Scale","Choice",1776976118447,"NULL","","","","","","","","","Italian",90,"7","6","tesoro","no"
"87",1776977451,"7ecab12c8d5d58a108c5023423a197f4","PennController",18,0,"rating_task","NULL","Scale","Choice",1776976670218,"NULL","","","","","","","","","Italian",134,"7","1","affidabile","no"
"88",1776977591,"5bbf75deb337b5914ee0dd1d0dad9851","PennController",10,0,"rating_task","NULL","Scale","Choice",1776977118532,"NULL","","","","","","","","","Italian",95,"4","7","meschina","no"
"89",1776977837,"f6944395a4616b15e9af0c71cb7d806a","PennController",7,0,"rating_task","NULL","Scale","Choice",1776976893007,"NULL","","","","","","","","","Italian",288,"2","4","scortese","no"
"90",1776977889,"825d0d35b93ca2da9d7800b55e6ea00d","PennController",23,0,"rating_task","NULL","Scale","Choice",1776977171667,"NULL","","","","","","","","","Italian",139,"3","6","cattivo","no"
"91",1776978041,"f0c3858f0490f15973c6f41d076b4cd5","PennController",10,0,"rating_task","NULL","Scale","Choice",1776977376580,"NULL","","","","","","","","","Italian",280,"3","6","meschina","no"
"92",1776978185,"ebf94127347c8ada1693c088fcce729d","PennController",13,0,"rating_task","NULL","Scale","Choice",1776977051951,"NULL","","","","","","","","","Italian",274,"1","1","sleale","no"
"93",1776978535,"3e8a2e9bd3f1c6b7716396d2c0ec7387","PennController",11,0,"rating_task","NULL","Scale","Choice",1776977095665,"NULL","","","","","","","","","Italian",59,"5","3","indiscreta","no"
"94",1776978851,"1ca77c3650334572eb137c50af3f1e0c","PennController",20,0,"rating_task","NULL","Scale","Choice",1776977854766,"NULL","","","","","","","","","Italian",27,"5","1","paziente","no"
"95",1776979016,"c91e2685f0747955236544b53fa94d75","PennController",21,0,"rating_task","NULL","Scale","Choice",1776978187329,"NULL","","","","","","","","","Italian",230,"4","6","cauta","no"
"96",1776979365,"8771eb94f703f50212840ea56696f5c0","PennController",3,0,"rating_task","NULL","Scale","Choice",1776978645172,"NULL","","","","","","","","","Italian",141,"3","6","stronzo","no"
"97",1776979511,"ced5b9f1e054e9ab98d845b9011b7a1b","PennController",21,0,"rating_task","NULL","Scale","Choice",1776978922047,"NULL","","","","","","","","","Italian",240,"4","1","cauta","no"
"98",1776980164,"ac94a4ee171f1b58b5cec9b55e6c908f","PennController",15,0,"rating_task","NULL","Scale","Choice",1776979641292,"NULL","","","","","","","","","Italian",187,"8","5","elegante","no"
"99",1776980549,"2e9c1d544c7bf362d4e98df171016b82","PennController",19,0,"rating_task","NULL","Scale","Choice",1776980045781,"NULL","","","","","","","","","Italian",44,"6","1","leale","no"
"100",1776980578,"97ec331380f798c934edda97d421c7f2","PennController",3,0,"rating_task","NULL","Scale","Choice",1776979823480,"NULL","","","","","","","","","Italian",167,"2","8","stronzo","no"
"101",1776980707,"af440d04010631f9ca7653f1f91ddfbe","PennController",26,0,"rating_task","NULL","Scale","Choice",1776979917266,"NULL","","","","","","","","","Italian",192,"7","5","positivo","no"
"102",1776982049,"79819b33406a1d08bb9e6a14213d3f2a","PennController",6,0,"rating_task","NULL","Scale","Choice",1776981454841,"NULL","","","","","","","","","Italian",129,"1","9","osceno","no"
"103",1776982916,"061461fa6d59c9c391bbc6969fca46eb","PennController",28,0,"rating_task","NULL","Scale","Choice",1776982105257,"NULL","","","","","","","","","Italian",9,"7","3","santo","no"
"104",1776983395,"a86173079b59a5435a34b3330f7fd0a8","PennController",18,0,"rating_task","NULL","Scale","Choice",1776981990981,"NULL","","","","","","","","","Italian",182,"6","5","affidabile","no"
"105",1776983758,"1afc7b3ecd728b8f7a727584eeb7f900","PennController",24,0,"rating_task","NULL","Scale","Choice",1776983045964,"NULL","","","","","","","","","Italian",25,"7","5","buono","no"
"106",1776984542,"df745f32644c722029c9b3baaea87eda","PennController",11,0,"rating_task","NULL","Scale","Choice",1776983293185,"NULL","","","","","","","","","Italian",261,"3","8","indiscreta","no"
"107",1776986565,"536f247c60c03833cdf5526310ef74df","PennController",10,0,"rating_task","NULL","Scale","Choice",1776985710385,"NULL","","","","","","","","","Italian",86,"2","7","meschina","no"
"108",1776989901,"8ba9daca0763d9faf235846833a3e4f1","PennController",6,0,"rating_task","NULL","Scale","Choice",1776989227529,"NULL","","","","","","","","","Italian",150,"3","5","osceno","no"
"109",1776990050,"e6f8ccc013d60463153b530acc030012","PennController",3,0,"rating_task","NULL","Scale","Choice",1776989281813,"NULL","","","","","","","","","Italian",266,"5","8","stronzo","no"
"110",1776993643,"74941deca8eda1283e6ca306ddd06a0c","PennController",12,0,"rating_task","NULL","Scale","Choice",1776992691600,"NULL","","","","","","","","","Italian",124,"2","7","crudele","no"
"111",1777006600,"45a9b535d528965c4bdfb1a020680ece","PennController",27,0,"rating_task","NULL","Scale","Choice",1777006049393,"NULL","","","","","","","","","Italian",66,"7","6","demone","no"
"112",1777007378,"d769614c4666188a4c7909e072c9c9b9","PennController",24,0,"rating_task","NULL","Scale","Choice",1777005532974,"NULL","","","","","","","","","Italian",252,"9","2","buono","no"
"113",1777008312,"1f6704e104a9e16d8f23a040f5a1bdf9","PennController",8,0,"rating_task","NULL","Scale","Choice",1777007557847,"NULL","","","","","","","","","Italian",29,"1","4","inaffidabile","no"
"114",1777010736,"c7ceec2dcb4cb8e57d89cb01d21f30dd","PennController",28,0,"rating_task","NULL","Scale","Choice",1777010047479,"NULL","","","","","","","","","Italian",228,"8","3","santo","no"
"115",1777011073,"b70ca60f933348d577813f9765fc1205","PennController",13,0,"rating_task","NULL","Scale","Choice",1777010525296,"NULL","","","","","","","","","Italian",202,"2","6","sleale","no"
"116",1777011445,"2092e0043e57e544e7f15645234d03be","PennController",4,0,"rating_task","NULL","Scale","Choice",1777010752079,"NULL","","","","","","","","","Italian",30,"6","8","tesoro","no"
"117",1777011456,"7abc35eba818cfe2b118332eb9c9dc98","PennController",11,0,"rating_task","NULL","Scale","Choice",1777010981646,"NULL","","","","","","","","","Italian",132,"5","5","indiscreta","no"
"118",1777012127,"e9eb2d6060c41795b3484244a39b1a5d","PennController",20,0,"rating_task","NULL","Scale","Choice",1777010368372,"NULL","","","","","","","","","Italian",270,"8","2","paziente","no"
"119",1777012259,"93867e720d2ad4673b5730857afdd206","PennController",21,0,"rating_task","NULL","Scale","Choice",1777011377983,"NULL","","","","","","","","","Italian",161,"5","4","cauta","no"
"120",1777013042,"510535de1bd0979af6eab5d81ce3982a","PennController",13,0,"rating_task","NULL","Scale","Choice",1777012135384,"NULL","","","","","","","","","Italian",85,"1","4","sleale","no"
"121",1777013260,"1d409df5c02945149d22cf383d7be06c","PennController",24,0,"rating_task","NULL","Scale","Choice",1777012245174,"NULL","","","","","","","","","Italian",28,"9","2","buono","no"
"122",1777014433,"4f2700db6ab6a6113b85f8ed8a099e7b","PennController",27,0,"rating_task","NULL","Scale","Choice",1777013440130,"NULL","","","","","","","","","Italian",81,"5","7","demone","no"
"123",1777014570,"b631a400a94c208fddd8081fba34d277","PennController",24,0,"rating_task","NULL","Scale","Choice",1777013838529,"NULL","","","","","","","","","Italian",199,"9","1","buono","no"
"124",1777014843,"d97d2641ecf3ef589f51e5069e2084ec","PennController",3,0,"rating_task","NULL","Scale","Choice",1777014250485,"NULL","","","","","","","","","Italian",255,"3","3","stronzo","no"
"125",1777015405,"2b85f21ab1c9726a0659718b1dd8b2ef","PennController",8,0,"rating_task","NULL","Scale","Choice",1777014576791,"NULL","","","","","","","","","Italian",38,"4","6","inaffidabile","no"
"126",1777015434,"47c88f2f8d7aec20d31e37dfc7c5523b","PennController",18,0,"rating_task","NULL","Scale","Choice",1777014604515,"NULL","","","","","","","","","Italian",68,"7","5","affidabile","no"
"127",1777015907,"a86fb64649ee50ae121ccc4b9e5fc545","PennController",18,0,"rating_task","NULL","Scale","Choice",1777015126799,"NULL","","","","","","","","","Italian",183,"8","4","affidabile","no"
"128",1777016960,"5aac9f7992604bf4d53d64a759243157","PennController",15,0,"rating_task","NULL","Scale","Choice",1777015692880,"NULL","","","","","","","","","Italian",93,"7","2","elegante","no"
"129",1777017028,"60623f25961b995a80ad0d5f015b86d5","PennController",20,0,"rating_task","NULL","Scale","Choice",1777016189932,"NULL","","","","","","","","","Italian",105,"7","2","paziente","no"
"130",1777017276,"d826c890cd4c3503c74440f32138e644","PennController",14,0,"rating_task","NULL","Scale","Choice",1777016582076,"NULL","","","","","","","","","Italian",254,"6","1","gentile","no"
"131",1777018443,"66bf2c14525f8268d38bde4410cf60b7","PennController",23,0,"rating_task","NULL","Scale","Choice",1777017998235,"NULL","","","","","","","","","Italian",110,"5","6","cattivo","no"
"132",1777018528,"b57c316f2321cf9cbe3926f6e4f25743","PennController",24,0,"rating_task","NULL","Scale","Choice",1777017826981,"NULL","","","","","","","","","Italian",198,"9","1","buono","no"
"133",1777018769,"58f8260a1f3ed286dbe6f3ccd80e7c92","PennController",17,0,"rating_task","NULL","Scale","Choice",1777017498373,"NULL","","","","","","","","","Italian",89,"8","2","scrupolosa","no"
"134",1777018804,"10e9f84f0b9664357a98af3bbadab240","PennController",18,0,"rating_task","NULL","Scale","Choice",1777018009028,"NULL","","","","","","","","","Italian",16,"7","2","affidabile","no"
"135",1777019051,"cfcc636c559baf0017c85eaa9702032e","PennController",26,0,"rating_task","NULL","Scale","Choice",1777018491731,"NULL","","","","","","","","","Italian",244,"6","8","positivo","no"
"136",1777019114,"95ceeef9962ff87aaa8045fc991c301e","PennController",22,0,"rating_task","NULL","Scale","Choice",1777018005788,"NULL","","","","","","","","","Italian",164,"5","3","riservata","no"
"137",1777019228,"5fc92357fdfd485fc0a0c55ea6ca8fba","PennController",20,0,"rating_task","NULL","Scale","Choice",1777018449767,"NULL","","","","","","","","","Italian",103,"9","1","paziente","no"
"138",1777019241,"c3e55417357e86f7a0e91d0c3bdf0e56","PennController",17,0,"rating_task","NULL","Scale","Choice",1777015989461,"NULL","","","","","","","","","Italian",219,"7","2","scrupolosa","no"
"139",1777019476,"4e9a77eef21ba1be886c2974a3d01685","PennController",6,0,"rating_task","NULL","Scale","Choice",1777019032186,"NULL","","","","","","","","","Italian",79,"3","7","osceno","no"
"140",1777019482,"115fe8caef93163e084d947d9718cc88","PennController",4,0,"rating_task","NULL","Scale","Choice",1777019020974,"NULL","","","","","","","","","Italian",17,"7","7","tesoro","no"
"141",1777019549,"b6c7e97a6bfc0802cacf886f5be0d31d","PennController",9,0,"rating_task","NULL","Scale","Choice",1777018409099,"NULL","","","","","","","","","Italian",201,"3","1","pigra","no"
"142",1777019654,"4cedafb3f5cdea78b4343b151e1912e3","PennController",26,0,"rating_task","NULL","Scale","Choice",1777018268832,"NULL","","","","","","","","","Italian",75,"9","9","positivo","no"
"143",1777020312,"c41ccf5be99070ff214395be1e9764ec","PennController",10,0,"rating_task","NULL","Scale","Choice",1777019747922,"NULL","","","","","","","","","Italian",220,"4","3","meschina","no"
"144",1777020318,"a154b42eeb3be8ed5191dc3726180c7f","PennController",28,0,"rating_task","NULL","Scale","Choice",1777019781123,"NULL","","","","","","","","","Italian",172,"7","1","santo","no"
"145",1777020540,"fd3cb1d605ebf6d9e8d8caba99e4fd8f","PennController",13,0,"rating_task","NULL","Scale","Choice",1777019952638,"NULL","","","","","","","","","Italian",298,"1","6","sleale","no"
"146",1777020593,"cf3ed2824a6613b3cd2ba9b4c49fdd5d","PennController",18,0,"rating_task","NULL","Scale","Choice",1777019772341,"NULL","","","","","","","","","Italian",241,"9","1","affidabile","no"
"147",1777021135,"ebae90a16d5b42a374123f036551fde9","PennController",24,0,"rating_task","NULL","Scale","Choice",1777019395311,"NULL","","","","","","","","","Italian",273,"9","3","buono","no"
"148",1777021347,"972a9485d26c9abde72df24da46d49f5","PennController",26,0,"rating_task","NULL","Scale","Choice",1777020730904,"NULL","","","","","","","","","Italian",166,"8","3","positivo","no"
"149",1777021879,"2b33440cedabfd622ff7b1a046792b50","PennController",10,0,"rating_task","NULL","Scale","Choice",1777016655266,"NULL","","","","","","","","","Italian",37,"1","9","meschina","no"
"150",1777022012,"e2e1c1f3020e60f1f4a309d0d9065b6f","PennController",7,0,"rating_task","NULL","Scale","Choice",1777021459567,"NULL","","","","","","","","","Italian",263,"1","7","scortese","no"
"151",1777022061,"4e88d47b1f47002eeeab1e94e13f1050","PennController",4,0,"rating_task","NULL","Scale","Choice",1777021374011,"NULL","","","","","","","","","Italian",78,"8","2","tesoro","no"
"152",1776965348,"5a5e80b5b9c9dc4a21f8a11e2db04306","PennController",22,0,"rating_task","NULL","Scale","Choice",1776964814690,"NULL","","","","","","","","","English",92,"5","5","discreet","no"
"153",1776965406,"fb0780859fc3fbf5a31f6b43ac79833c","PennController",22,0,"rating_task","NULL","Scale","Choice",1776964884445,"NULL","","","","","","","","","English",294,"6","3","discreet","no"
"154",1776965466,"ac809c3e6d871f449592e796e1455f4d","PennController",19,0,"rating_task","NULL","Scale","Choice",1776964762626,"NULL","","","","","","","","","English",186,"8","1","loyal","no"
"155",1776965514,"a1069405538bde41b9c8802e82d9cccf","PennController",18,0,"rating_task","NULL","Scale","Choice",1776964900469,"NULL","","","","","","","","","English",170,"7","3","reliable","no"
"156",1776965549,"5dc2162bf4886cd7ddce4372d5395582","PennController",17,0,"rating_task","NULL","Scale","Choice",1776964820250,"NULL","","","","","","","","","English",99,"9","1","careful","no"
"157",1776965669,"5fb27df612ddff46aa8c1c2bb8949680","PennController",23,0,"rating_task","NULL","Scale","Choice",1776965020889,"NULL","","","","","","","","","English",102,"2","4","bad","no"
"158",1776965796,"8fb2ceac5aa8db1a704cf18b6ceb5752","PennController",16,0,"rating_task","NULL","Scale","Choice",1776965236878,"NULL","","","","","","","","","English",154,"6","2","wise","no"
"159",1776965874,"e5a895d7d189571e4a127a119c6d4478","PennController",22,0,"rating_task","NULL","Scale","Choice",1776965041033,"NULL","","","","","","","","","English",265,"7","3","discreet","no"
"160",1776965926,"bc0628cbcf3d650a13d9341a71f6f825","PennController",12,0,"rating_task","NULL","Scale","Choice",1776965205122,"NULL","","","","","","","","","English",210,"3","6","cruel","no"
"161",1776966019,"f17fd360d153ed245868eca87f968e38","PennController",25,0,"rating_task","NULL","Scale","Choice",1776965323952,"NULL","","","","","","","","","English",282,"2","4","negative","no"
"162",1776966055,"509fd04f3fba8f57c4e5df8a80427991","PennController",21,0,"rating_task","NULL","Scale","Choice",1776965565187,"NULL","","","","","","","","","English",84,"5","5","cautious","no"
"163",1776966125,"044da36c582a23e81ec9088e517a84cb","PennController",25,0,"rating_task","NULL","Scale","Choice",1776965445961,"NULL","","","","","","","","","English",5,"1","5","negative","no"
"164",1776966285,"bc017278af41b9802ef82aba32929648","PennController",11,0,"rating_task","NULL","Scale","Choice",1776965483053,"NULL","","","","","","","","","English",209,"5","1","indiscreet","no"
"165",1776966297,"f308b95386e0e826f83e08ae23fcceaa","PennController",18,0,"rating_task","NULL","Scale","Choice",1776965464449,"NULL","","","","","","","","","English",283,"7","3","reliable","no"
"166",1776966355,"b327b29edda0b77543dfa04d1f0c010c","PennController",25,0,"rating_task","NULL","Scale","Choice",1776965526771,"NULL","","","","","","","","","English",195,"2","5","negative","no"
"167",1776966381,"6b5ae490f351cfcf888b33e77845a372","PennController",4,0,"rating_task","NULL","Scale","Choice",1776965427081,"NULL","","","","","","","","","English",112,"9","3","sweetheart","no"
"168",1776966540,"5b8c1b8e254dbb2190888732e8326e4c","PennController",16,0,"rating_task","NULL","Scale","Choice",1776965784073,"NULL","","","","","","","","","English",94,"7","2","wise","no"
"169",1776966562,"dc65d2234b5752268035d1c213ce535a","PennController",27,0,"rating_task","NULL","Scale","Choice",1776965744174,"NULL","","","","","","","","","English",258,"3","6","demon","no"
"170",1776966681,"a130c281edf656b05a0197c9a918e79a","PennController",24,0,"rating_task","NULL","Scale","Choice",1776965874543,"NULL","","","","","","","","","English",171,"8","7","good","no"
"171",1776966684,"4ee892b016668d153388b1ca333c3bf4","PennController",16,0,"rating_task","NULL","Scale","Choice",1776965991163,"NULL","","","","","","","","","English",80,"5","3","wise","no"
"172",1776966693,"39ade5390276306f70c91b6b85a046bf","PennController",15,0,"rating_task","NULL","Scale","Choice",1776965720310,"NULL","","","","","","","","","English",55,"7","2","graceful","no"
"173",1776966738,"2d19fe508318695e69bc9242163b5217","PennController",15,0,"rating_task","NULL","Scale","Choice",1776965922712,"NULL","","","","","","","","","English",41,"9","3","graceful","no"
"174",1776966817,"0515c2086b304741554b7c9f8d6a8ab2","PennController",13,0,"rating_task","NULL","Scale","Choice",1776965872112,"NULL","","","","","","","","","English",7,"1","3","disloyal","no"
"175",1776966894,"9369d604502dc393ba2751a4d5d23e86","PennController",13,0,"rating_task","NULL","Scale","Choice",1776965845204,"NULL","","","","","","","","","English",159,"1","1","disloyal","no"
"176",1776966952,"2c4ab57fe3cabf33d0b511ae33d6e654","PennController",26,0,"rating_task","NULL","Scale","Choice",1776965917906,"NULL","","","","","","","","","English",40,"7","9","positive","no"
"177",1776967029,"81a134b61909f892aafc7a5bf754580d","PennController",6,0,"rating_task","NULL","Scale","Choice",1776966229270,"NULL","","","","","","","","","English",138,"4","3","obsecene","no"
"178",1776967120,"c903566458064d95585bb4834834efd4","PennController",18,0,"rating_task","NULL","Scale","Choice",1776966050733,"NULL","","","","","","","","","English",229,"7","1","reliable","no"
"179",1776967179,"a6b23bb423fd90bc5028f41c56a5e805","PennController",22,0,"rating_task","NULL","Scale","Choice",1776966571555,"NULL","","","","","","","","","English",180,"5","3","discreet","no"
"180",1776967199,"0148f226e2e57711faf7af1bfe0f147f","PennController",13,0,"rating_task","NULL","Scale","Choice",1776966310600,"NULL","","","","","","","","","English",2,"2","6","disloyal","no"
"181",1776967216,"7090f0f82d91ccf4239a3cc9932d2974","PennController",12,0,"rating_task","NULL","Scale","Choice",1776966480099,"NULL","","","","","","","","","English",120,"2","6","cruel","no"
"182",1776967365,"49307f2d95f20e89dc9dd631317677ae","PennController",10,0,"rating_task","NULL","Scale","Choice",1776966226627,"NULL","","","","","","","","","English",70,"3","7","mean","no"
"183",1776967490,"dd3514869f988888b6a3b87844b737cb","PennController",11,0,"rating_task","NULL","Scale","Choice",1776966679055,"NULL","","","","","","","","","English",259,"1","5","indiscreet","no"
"184",1776967520,"71564ff58990863ea6d31bd6e67609d9","PennController",22,0,"rating_task","NULL","Scale","Choice",1776966906249,"NULL","","","","","","","","","English",122,"2","5","discreet","no"
"185",1776967529,"ef142336792148d0f0bf334841b27c81","PennController",21,0,"rating_task","NULL","Scale","Choice",1776966469095,"NULL","","","","","","","","","English",277,"8","3","cautious","no"
"186",1776967752,"76088b4e270e1c11890751bb084df34d","PennController",5,0,"rating_task","NULL","Scale","Choice",1776966310615,"NULL","","","","","","","","","English",126,"1","7","liar","no"
"187",1776967875,"b3111669242178d7d8cf4cd231310299","PennController",5,0,"rating_task","NULL","Scale","Choice",1776967325428,"NULL","","","","","","","","","English",194,"3","5","liar","no"
"188",1776967963,"b3adf5621d06f796171619a1906c5952","PennController",4,0,"rating_task","NULL","Scale","Choice",1776967344343,"NULL","","","","","","","","","English",196,"8","2","sweetheart","no"
"189",1776968018,"5c21b51f46eea054a7014b1f0b62295a","PennController",12,0,"rating_task","NULL","Scale","Choice",1776966917230,"NULL","","","","","","","","","English",96,"1","6","cruel","no"
"190",1776968152,"f99855a7c268eacfc174a8c65f329ff7","PennController",25,0,"rating_task","NULL","Scale","Choice",1776967640785,"NULL","","","","","","","","","English",290,"2","2","negative","no"
"191",1776968347,"e716bef2c413826b77f9969c4e99d58e","PennController",13,0,"rating_task","NULL","Scale","Choice",1776967649231,"NULL","","","","","","","","","English",267,"3","3","disloyal","no"
"192",1776968656,"6791bb75ca1517bcefe3ad6ccb9e3b53","PennController",27,0,"rating_task","NULL","Scale","Choice",1776967554840,"NULL","","","","","","","","","English",111,"4","7","demon","no"
"193",1776968746,"a68cb53dd23a89cf5800d254b3f1bcfa","PennController",7,0,"rating_task","NULL","Scale","Choice",1776967986013,"NULL","","","","","","","","","English",179,"2","7","rude","no"
"194",1776968760,"fb1267d63b80f383508eb5081d56b61b","PennController",24,0,"rating_task","NULL","Scale","Choice",1776966998863,"NULL","","","","","","","","","English",295,"9","7","good","no"
"195",1776968818,"c4a57711ed9742d94a0a0584618f6240","PennController",17,0,"rating_task","NULL","Scale","Choice",1776968311719,"NULL","","","","","","","","","English",221,"4","5","careful","no"
"196",1776969106,"a1f2a1fba7dbf97866c04e86eda342d1","PennController",12,0,"rating_task","NULL","Scale","Choice",1776968488848,"NULL","","","","","","","","","English",174,"2","6","cruel","no"
"197",1776969328,"fd6deaf5c4a02f562eaf3702c2003dfb","PennController",12,0,"rating_task","NULL","Scale","Choice",1776968076837,"NULL","","","","","","","","","English",299,"1","5","cruel","no"
"198",1776969375,"31dc0000530a63f5a0495a2941ecde42","PennController",11,0,"rating_task","NULL","Scale","Choice",1776968680178,"NULL","","","","","","","","","English",45,"3","4","indiscreet","no"
"199",1776969394,"c1a0cc90de5f0ce645fef3cf38bfa843","PennController",19,0,"rating_task","NULL","Scale","Choice",1776968449089,"NULL","","","","","","","","","English",216,"9","9","loyal","no"
"200",1776969493,"91e29b17da7ac4c8d835ca31b81d5d8c","PennController",10,0,"rating_task","NULL","Scale","Choice",1776967637288,"NULL","","","","","","","","","English",157,"5","5","mean","no"
"201",1776969493,"5e835f1e19460c9edecbd07e38891b39","PennController",17,0,"rating_task","NULL","Scale","Choice",1776968566928,"NULL","","","","","","","","","English",101,"7","2","careful","no"
"202",1776969638,"6ec15d204dd7decba5417f91c4228d46","PennController",20,0,"rating_task","NULL","Scale","Choice",1776969194745,"NULL","","","","","","","","","English",118,"6","4","patient","no"
"203",1776969643,"6dfa397665034e5f5051423eb1ac0f1f","PennController",7,0,"rating_task","NULL","Scale","Choice",1776968691284,"NULL","","","","","","","","","English",116,"5","2","rude","no"
"204",1776970135,"ae4b0d84012181ff6aa71eac1339930c","PennController",17,0,"rating_task","NULL","Scale","Choice",1776969323666,"NULL","","","","","","","","","English",189,"9","2","careful","no"
"205",1776970302,"b67db1de6e4bd05dc849f65fb9ff51e2","PennController",25,0,"rating_task","NULL","Scale","Choice",1776969257467,"NULL","","","","","","","","","English",200,"2","5","negative","no"
"206",1776970379,"fdc2eaa4bb9ef0e76d726eda344aa3f4","PennController",19,0,"rating_task","NULL","Scale","Choice",1776969755873,"NULL","","","","","","","","","English",300,"7","5","loyal","no"
"207",1776970533,"87c4a18eec424b1229f3bbcfd6ff8993","PennController",23,0,"rating_task","NULL","Scale","Choice",1776969886060,"NULL","","","","","","","","","English",143,"5","5","bad","no"
"208",1776970771,"59cc7292087297dfd40e0a42e82927f9","PennController",19,0,"rating_task","NULL","Scale","Choice",1776970029122,"NULL","","","","","","","","","English",91,"9","7","loyal","no"
"209",1776970830,"fa70da0a105d15c0cf87ac1ae8c14220","PennController",24,0,"rating_task","NULL","Scale","Choice",1776970057675,"NULL","","","","","","","","","English",293,"9","2","good","no"
"210",1776970928,"88de41a772614a8f443ecfe5b4af6d85","PennController",28,0,"rating_task","NULL","Scale","Choice",1776969835335,"NULL","","","","","","","","","English",145,"7","5","saint","no"
"211",1776970966,"df65dfb6ec5a386ed631de5d85bb4f96","PennController",17,0,"rating_task","NULL","Scale","Choice",1776970179756,"NULL","","","","","","","","","English",260,"7","3","careful","no"
"212",1776971179,"4f60c6529e5cbd788471ad0d50731a7d","PennController",12,0,"rating_task","NULL","Scale","Choice",1776970378376,"NULL","","","","","","","","","English",83,"2","4","cruel","no"
"213",1776971309,"0f25fd1183cdb8e8164921b0d351a605","PennController",16,0,"rating_task","NULL","Scale","Choice",1776970558397,"NULL","","","","","","","","","English",15,"9","1","wise","no"
"214",1776971348,"d5c5666446ca7b9a21d30afac29ca021","PennController",23,0,"rating_task","NULL","Scale","Choice",1776970539413,"NULL","","","","","","","","","English",249,"2","7","bad","no"
"215",1776971487,"b1fe61d0b6a200a5390a83855d159f39","PennController",4,0,"rating_task","NULL","Scale","Choice",1776970449356,"NULL","","","","","","","","","English",193,"8","3","sweetheart","no"
"216",1776971511,"c6b00fc98f1c2262b96361cba86c9ec5","PennController",20,0,"rating_task","NULL","Scale","Choice",1776970753850,"NULL","","","","","","","","","English",226,"7","2","patient","no"
"217",1776971717,"a38fce9d6fe3011f5066ba69e2fecb22","PennController",27,0,"rating_task","NULL","Scale","Choice",1776971049541,"NULL","","","","","","","","","English",176,"3","8","demon","no"
"218",1776972291,"b7cf6d917a9856896d69762e9b8ac7b1","PennController",10,0,"rating_task","NULL","Scale","Choice",1776971614563,"NULL","","","","","","","","","English",203,"6","6","mean","no"
"219",1776972430,"217e7531e9dec47477dc3fa355618e16","PennController",6,0,"rating_task","NULL","Scale","Choice",1776971172367,"NULL","","","","","","","","","English",32,"4","5","obsecene","no"
"220",1776972514,"5e7e58595e07c1b3fffa773f99d6eb16","PennController",15,0,"rating_task","NULL","Scale","Choice",1776971605524,"NULL","","","","","","","","","English",100,"7","2","graceful","no"
"221",1776972686,"941ba42b1d388690aba7ee12f1f40230","PennController",15,0,"rating_task","NULL","Scale","Choice",1776972064557,"NULL","","","","","","","","","English",163,"9","1","graceful","no"
"222",1776972706,"af3522c60be0240d8ce9f27da025e424","PennController",10,0,"rating_task","NULL","Scale","Choice",1776971672666,"NULL","","","","","","","","","English",191,"5","5","mean","no"
"223",1776972798,"4af11564f5b83a01f6c29e4495eb1fc9","PennController",20,0,"rating_task","NULL","Scale","Choice",1776971893432,"NULL","","","","","","","","","English",72,"7","2","patient","no"
"224",1776973117,"878f7890bdda011053922855eab5065f","PennController",11,0,"rating_task","NULL","Scale","Choice",1776972226541,"NULL","","","","","","","","","English",142,"1","4","indiscreet","no"
"225",1776973362,"d45add1ab78c81da8ab3849eac627dc0","PennController",22,0,"rating_task","NULL","Scale","Choice",1776972593704,"NULL","","","","","","","","","English",247,"7","2","discreet","no"
"226",1776973631,"1939ffe1c55cb2ce8203b5c56b346d58","PennController",14,0,"rating_task","NULL","Scale","Choice",1776972950414,"NULL","","","","","","","","","English",24,"9","3","kind","no"
"227",1776973723,"c9c29681a40159ac1fff8a94711a658c","PennController",15,0,"rating_task","NULL","Scale","Choice",1776973080808,"NULL","","","","","","","","","English",234,"9","6","graceful","no"
"228",1776974474,"db760137507171bf80c04f4dfb8c0e94","PennController",5,0,"rating_task","NULL","Scale","Choice",1776973604573,"NULL","","","","","","","","","English",257,"1","4","liar","no"
"229",1776974557,"b7f85cdc1681718ec545a48e4c43844e","PennController",20,0,"rating_task","NULL","Scale","Choice",1776973862124,"NULL","","","","","","","","","English",204,"5","3","patient","no"
"230",1776974702,"ed02a9457459b372d85baf1ab395253d","PennController",19,0,"rating_task","NULL","Scale","Choice",1776973918517,"NULL","","","","","","","","","English",276,"9","1","loyal","no"
"231",1776974746,"9188dba9c9ebea3671aacf8a6d8a69d0","PennController",8,0,"rating_task","NULL","Scale","Choice",1776974040633,"NULL","","","","","","","","","English",156,"1","1","unrealiable","no"
"232",1776974948,"c51abaeb636934a5c2550c9d826620ca","PennController",22,0,"rating_task","NULL","Scale","Choice",1776974293411,"NULL","","","","","","","","","English",222,"5","5","discreet","no"
"233",1776975637,"f30c346fb6c12a4baf363255137247b7","PennController",20,0,"rating_task","NULL","Scale","Choice",1776974843245,"NULL","","","","","","","","","English",284,"8","1","patient","no"
"234",1776975763,"ea549028298cd218fa261a6c91bb1d53","PennController",10,0,"rating_task","NULL","Scale","Choice",1776975206272,"NULL","","","","","","","","","English",271,"4","7","mean","no"
"235",1776976532,"8ca0a18262e707b73b8e3348cefe3483","PennController",25,0,"rating_task","NULL","Scale","Choice",1776975701404,"NULL","","","","","","","","","English",151,"1","5","negative","no"
"236",1776976582,"2470c07e260bb14cfc7b79f132b48bc7","PennController",12,0,"rating_task","NULL","Scale","Choice",1776975950930,"NULL","","","","","","","","","English",35,"2","5","cruel","no"
"237",1776976746,"cebda391fd16b84c7e866b6f0726f707","PennController",28,0,"rating_task","NULL","Scale","Choice",1776975847426,"NULL","","","","","","","","","English",239,"5","1","saint","no"
"238",1776977006,"5c84d046a831cc129683d39e5cfefc5d","PennController",14,0,"rating_task","NULL","Scale","Choice",1776975333126,"NULL","","","","","","","","","English",97,"8","5","kind","no"
"239",1776977333,"3442dce2a5dd196e7c11b405f4656c8c","PennController",11,0,"rating_task","NULL","Scale","Choice",1776976679188,"NULL","","","","","","","","","English",47,"4","4","indiscreet","no"
"240",1776977463,"5563934302f5f46c485f628a2b0ba741","PennController",23,0,"rating_task","NULL","Scale","Choice",1776976861522,"NULL","","","","","","","","","English",88,"1","9","bad","no"
"241",1776977575,"e95cc6f3899e589d604d71e26be3f2fe","PennController",25,0,"rating_task","NULL","Scale","Choice",1776976461344,"NULL","","","","","","","","","English",269,"3","5","negative","no"
"242",1776977881,"88b65cb5e4272224ca207ac420daae1a","PennController",20,0,"rating_task","NULL","Scale","Choice",1776976927861,"NULL","","","","","","","","","English",144,"7","3","patient","no"
"243",1776977891,"f0c18d8c9eef163254610a1f336b6471","PennController",28,0,"rating_task","NULL","Scale","Choice",1776977030437,"NULL","","","","","","","","","English",279,"5","4","saint","no"
"244",1776978177,"54b0f6f76dfdcc8312a292c0f9c2e769","PennController",4,0,"rating_task","NULL","Scale","Choice",1776977575999,"NULL","","","","","","","","","English",87,"9","2","sweetheart","no"
"245",1776978194,"612e6af54eb278bed41b09446c5390d5","PennController",25,0,"rating_task","NULL","Scale","Choice",1776977678991,"NULL","","","","","","","","","English",107,"1","3","negative","no"
"246",1776978309,"7f78cc9569268b38449b177a8b0ea577","PennController",11,0,"rating_task","NULL","Scale","Choice",1776977675645,"NULL","","","","","","","","","English",135,"4","4","indiscreet","no"
"247",1776979224,"3e62349daa2e1c107badc4cb142762f9","PennController",17,0,"rating_task","NULL","Scale","Choice",1776978662936,"NULL","","","","","","","","","English",58,"6","6","careful","no"
"248",1776979382,"212ccc5cf77b36c365602c327a3804fd","PennController",23,0,"rating_task","NULL","Scale","Choice",1776978790999,"NULL","","","","","","","","","English",31,"1","5","bad","no"
"249",1776979658,"acfa70454184baf7491df64db0a55f80","PennController",25,0,"rating_task","NULL","Scale","Choice",1776978945252,"NULL","","","","","","","","","English",188,"2","5","negative","no"
"250",1776980186,"78ee7e11bae169a7b24741c5e78a5dbd","PennController",13,0,"rating_task","NULL","Scale","Choice",1776979616491,"NULL","","","","","","","","","English",128,"1","5","disloyal","no"
"251",1776980669,"2bbef564ecedc8afa4f80563bc40dc4a","PennController",17,0,"rating_task","NULL","Scale","Choice",1776980017975,"NULL","","","","","","","","","English",39,"5","4","careful","no"
"252",1776981970,"06d38bac31ed58a146cf7a07de165ba8","PennController",10,0,"rating_task","NULL","Scale","Choice",1776981550030,"NULL","","","","","","","","","English",10,"1","2","mean","no"
"253",1776982206,"3eebfb5287f7a26492bdad11fd6e1f56","PennController",26,0,"rating_task","NULL","Scale","Choice",1776981434238,"NULL","","","","","","","","","English",60,"8","6","positive","no"
"254",1776982320,"4201101c2f5c57c1695b60104d2714aa","PennController",23,0,"rating_task","NULL","Scale","Choice",1776981551010,"NULL","","","","","","","","","English",62,"3","5","bad","no"
"255",1776982457,"c923bc3598d54a95a6c8629bf441ab73","PennController",24,0,"rating_task","NULL","Scale","Choice",1776981885169,"NULL","","","","","","","","","English",231,"8","3","good","no"
"256",1776982668,"bb0cceac4048173788283db5ae516a1a","PennController",18,0,"rating_task","NULL","Scale","Choice",1776981656441,"NULL","","","","","","","","","English",208,"7","4","reliable","no"
"257",1776983731,"d50495f6cf258901a89531b5d541789c","PennController",25,0,"rating_task","NULL","Scale","Choice",1776983311443,"NULL","","","","","","","","","English",248,"9","5","negative","no"
"258",1776988176,"2dbaf5f502783f88ddd97f97bfe2f601","PennController",12,0,"rating_task","NULL","Scale","Choice",1776987544212,"NULL","","","","","","","","","English",42,"1","4","cruel","no"
"259",1776990736,"2380883c0ac1816095cbfdb01b35057b","PennController",20,0,"rating_task","NULL","Scale","Choice",1776988735272,"NULL","","","","","","","","","English",33,"9","1","patient","no"
"260",1776992029,"6cb0735cd1d28b6efb600151c830d0e8","PennController",18,0,"rating_task","NULL","Scale","Choice",1776991505058,"NULL","","","","","","","","","English",114,"9","1","reliable","no"
"261",1776996128,"e78b2a2798276cd3d31c9e0d03ef145a","PennController",19,0,"rating_task","NULL","Scale","Choice",1776995104139,"NULL","","","","","","","","","English",268,"8","2","loyal","no"
"262",1776998992,"3610bbdd8de9c904e0fe4b4783876b86","PennController",16,0,"rating_task","NULL","Scale","Choice",1776998299236,"NULL","","","","","","","","","English",48,"7","3","wise","no"
"263",1777008103,"93d550f7744d41fdb162f12c4cea5f98","PennController",15,0,"rating_task","NULL","Scale","Choice",1777007043594,"NULL","","","","","","","","","English",162,"9","1","graceful","no"
"264",1777008245,"f04c9dfff4b3c64c942fa217b192ff8c","PennController",27,0,"rating_task","NULL","Scale","Choice",1777007778061,"NULL","","","","","","","","","English",278,"3","5","demon","no"
"265",1777011837,"138984d2a9557629041ca2042e8b11ff","PennController",3,0,"rating_task","NULL","Scale","Choice",1777010862579,"NULL","","","","","","","","","English",20,"1","8","asshole","no"
"266",1777011901,"05748c6001792b39efcdccfe5f3c41df","PennController",12,0,"rating_task","NULL","Scale","Choice",1777010981075,"NULL","","","","","","","","","English",8,"1","8","cruel","no"
"267",1777012274,"6db01b20607a8afc7ae725d7fa975ff2","PennController",26,0,"rating_task","NULL","Scale","Choice",1777011414829,"NULL","","","","","","","","","English",115,"8","7","positive","no"
"268",1777012316,"a9851b7c0785c668066d5c3ab27003a4","PennController",20,0,"rating_task","NULL","Scale","Choice",1777011197245,"NULL","","","","","","","","","English",184,"7","4","patient","no"
"269",1777012491,"e3047c15f538bb8c109bb8da2ea374a1","PennController",10,0,"rating_task","NULL","Scale","Choice",1777011713165,"NULL","","","","","","","","","English",264,"1","4","mean","no"
"270",1777012523,"3ced5f9c776e66a567727b796da4be7f","PennController",3,0,"rating_task","NULL","Scale","Choice",1777011615185,"NULL","","","","","","","","","English",57,"4","8","asshole","no"
"271",1777012665,"cab0229d5756e2dd537f7fc6023f1ee4","PennController",22,0,"rating_task","NULL","Scale","Choice",1777011903581,"NULL","","","","","","","","","English",236,"6","2","discreet","no"
"272",1777013213,"c60407a69a774d73fc2487c459d54945","PennController",15,0,"rating_task","NULL","Scale","Choice",1777012203197,"NULL","","","","","","","","","English",224,"7","3","graceful","no"
"273",1777014058,"0a08b9f10da8b941ba760c80041ced23","PennController",23,0,"rating_task","NULL","Scale","Choice",1777013356536,"NULL","","","","","","","","","English",13,"1","1","bad","no"
"274",1777014069,"cf47ca4f7180d8efc1973c9aaa832b7c","PennController",22,0,"rating_task","NULL","Scale","Choice",1777012943671,"NULL","","","","","","","","","English",242,"7","5","discreet","no"
"275",1777014142,"c37dfa4c8f7e66d4af040c7d61e74cd5","PennController",24,0,"rating_task","NULL","Scale","Choice",1777013605343,"NULL","","","","","","","","","English",218,"9","7","good","no"
"276",1777014933,"42d166e7d277058742293ffa606d3160","PennController",5,0,"rating_task","NULL","Scale","Choice",1777014250088,"NULL","","","","","","","","","English",63,"1","7","liar","no"
"277",1777015199,"23bc51597e10670e97afa75ef4bde29c","PennController",5,0,"rating_task","NULL","Scale","Choice",1777014552488,"NULL","","","","","","","","","English",34,"1","7","liar","no"
"278",1777015511,"ba8a6061ecee1c2b11e809c21ba13649","PennController",10,0,"rating_task","NULL","Scale","Choice",1777014680184,"NULL","","","","","","","","","English",207,"1","6","mean","no"
"279",1777015820,"70f9399575eb3730492fd1318daec6cd","PennController",15,0,"rating_task","NULL","Scale","Choice",1777015040369,"NULL","","","","","","","","","English",121,"8","2","graceful","no"
"280",1777015944,"6e094df74300de90957f600347559541","PennController",22,0,"rating_task","NULL","Scale","Choice",1777015397934,"NULL","","","","","","","","","English",117,"5","1","discreet","no"
"281",1777016386,"852c93f7d9ba3ef8d6b082508fc8d2c9","PennController",24,0,"rating_task","NULL","Scale","Choice",1777015752034,"NULL","","","","","","","","","English",140,"7","5","good","no"
"282",1777016571,"8fe2970de14ea06a6211acbc14b039d6","PennController",28,0,"rating_task","NULL","Scale","Choice",1777015582755,"NULL","","","","","","","","","English",155,"7","2","saint","no"
"283",1777016622,"f0dae49166911054f1eef75d3b5d9843","PennController",12,0,"rating_task","NULL","Scale","Choice",1777015741875,"NULL","","","","","","","","","English",281,"2","7","cruel","no"
"284",1777017032,"0904c798b48b1ece2b4e1e3672a828c6","PennController",15,0,"rating_task","NULL","Scale","Choice",1777016374371,"NULL","","","","","","","","","English",12,"8","2","graceful","no"
"285",1777017166,"c947ba587ffbf286672d047d97751a5b","PennController",21,0,"rating_task","NULL","Scale","Choice",1777016746692,"NULL","","","","","","","","","English",232,"3","5","cautious","no"
"286",1777017538,"d62446434d1493f06e4d61b4aa597061","PennController",21,0,"rating_task","NULL","Scale","Choice",1777016899667,"NULL","","","","","","","","","English",250,"8","2","cautious","no"
"287",1777017558,"d7a73d37a597a8c646955050262038a9","PennController",15,0,"rating_task","NULL","Scale","Choice",1777016589302,"NULL","","","","","","","","","English",253,"7","3","graceful","no"
"288",1777018028,"bc715389dbcf800b567462173392a9f3","PennController",24,0,"rating_task","NULL","Scale","Choice",1777017224331,"NULL","","","","","","","","","English",211,"7","7","good","no"
"289",1777018505,"8de6ca39ef0e5ecfd47b2b49f6ff4230","PennController",28,0,"rating_task","NULL","Scale","Choice",1777017762260,"NULL","","","","","","","","","English",153,"7","6","saint","no"
"290",1777018513,"604ea864d8addf7615dc41df822b29ed","PennController",10,0,"rating_task","NULL","Scale","Choice",1777017981498,"NULL","","","","","","","","","English",104,"1","1","mean","no"
"291",1777018522,"487bd535e08cf0691d259210b53c0916","PennController",28,0,"rating_task","NULL","Scale","Choice",1777017863582,"NULL","","","","","","","","","English",69,"6","3","saint","no"
"292",1777018856,"c7341dbb1bff7cbdc9648aebe0c2398c","PennController",5,0,"rating_task","NULL","Scale","Choice",1777018175811,"NULL","","","","","","","","","English",227,"1","7","liar","no"
"293",1777018943,"7a5f425f78b459941ec274e757624169","PennController",16,0,"rating_task","NULL","Scale","Choice",1777018292439,"NULL","","","","","","","","","English",131,"5","2","wise","no"
"294",1777019047,"191911cbc21df2bc8ea288d49dad41eb","PennController",18,0,"rating_task","NULL","Scale","Choice",1777018236953,"NULL","","","","","","","","","English",23,"7","2","reliable","no"
"295",1777019839,"bd2d86a4b330016f0ff9fe05f203a1a0","PennController",27,0,"rating_task","NULL","Scale","Choice",1777019223938,"NULL","","","","","","","","","English",212,"3","6","demon","no"
"296",1777020076,"817aada9b59751a5aefccbcfb16c241e","PennController",25,0,"rating_task","NULL","Scale","Choice",1777019357632,"NULL","","","","","","","","","English",137,"2","2","negative","no"
"297",1777020148,"1b7cdbf8020d7177a74269591fa3a529","PennController",15,0,"rating_task","NULL","Scale","Choice",1777019536561,"NULL","","","","","","","","","English",26,"8","3","graceful","no"
"298",1777020602,"a1d713ac92f125e2636d4076e95e3841","PennController",14,0,"rating_task","NULL","Scale","Choice",1777019411961,"NULL","","","","","","","","","English",173,"9","2","kind","no"
"299",1777021064,"ca5c29752baa3fdb79b4c514c80c0cad","PennController",6,0,"rating_task","NULL","Scale","Choice",1777019613497,"NULL","","","","","","","","","English",235,"4","7","obsecene","no"
"300",1777021419,"d291d4489427c7d75c8b6dd3b5ddf39b","PennController",16,0,"rating_task","NULL","Scale","Choice",1777020675822,"NULL","","","","","","","","","English",246,"8","2","wise","no"
"301",1777021692,"00f504fe0ffa41ebe01e774646264ddf","PennController",7,0,"rating_task","NULL","Scale","Choice",1777020717665,"NULL","","","","","","","","","English",1,"2","2","rude","no"
